diseaseId	diseaseName	drugId	drugName	type	mechanismOfAction	actionType	symbol	name	phase	status	source
EFO_0005422	skin aging	CHEMBL3707359	DAXIBOTULINUMTOXINA	Unknown	Synaptosomal nerve-associated protein 25 (SNAP-25) inhibitor	Inhibitor	SNAP25	synaptosome associated protein 25	4		https://www.accessdata.fda.gov/drugsatfda_docs/label/2022/761127s000lbl.pdf
EFO_0005422	skin aging	CHEMBL4297229	PRABOTULINUMTOXIN A	Unknown	Synaptosomal-associated protein 25 proteolytic enzyme	Inhibitor	SNAP25	synaptosome associated protein 25	4		https://www.accessdata.fda.gov/drugsatfda_docs/label/2019/761085s000lbl.pdf
EFO_0005422	skin aging	CHEMBL4297862	BOTULINUM TOXIN TYPE A	Protein	Synaptosomal nerve-associated protein 25 (SNAP-25) hydrolytic enzyme	Inhibitor	SNAP25	synaptosome associated protein 25	4		https://www.ema.europa.eu/en/medicines/human/EPAR/nuceiva
EFO_0005422	skin aging	CHEMBL1201574	ONABOTULINUMTOXINA	Unknown	Synaptosomal-associated protein 25 inhibitor	Inhibitor	SNAP25	synaptosome associated protein 25	3	Completed	https://clinicaltrials.gov/study/NCT00986570,https://clinicaltrials.gov/study/NCT01791920,https://clinicaltrials.gov/study/NCT01237977,https://clinicaltrials.gov/study/NCT01776606,https://clinicaltrials.gov/study/NCT02580370
EFO_0005422	skin aging	CHEMBL4297862	BOTULINUM TOXIN TYPE A	Protein	Synaptosomal nerve-associated protein 25 (SNAP-25) hydrolytic enzyme	Inhibitor	SNAP25	synaptosome associated protein 25	3	Completed	https://clinicaltrials.gov/study/NCT01237977
EFO_0022597	aging	CHEMBL1431	METFORMIN	Small molecule	Mitochondrial complex I (NADH dehydrogenase) inhibitor		NDUFAB1	NADH:ubiquinone oxidoreductase subunit AB1	3	Recruiting	https://clinicaltrials.gov/study/NCT04264897
EFO_0022597	aging	CHEMBL1431	METFORMIN	Small molecule	Mitochondrial complex I (NADH dehydrogenase) inhibitor		NDUFS1	NADH:ubiquinone oxidoreductase core subunit S1	3	Recruiting	https://clinicaltrials.gov/study/NCT04264897
EFO_0022597	aging	CHEMBL1431	METFORMIN	Small molecule	Mitochondrial complex I (NADH dehydrogenase) inhibitor		NDUFB2	NADH:ubiquinone oxidoreductase subunit B2	3	Recruiting	https://clinicaltrials.gov/study/NCT04264897
EFO_0022597	aging	CHEMBL1431	METFORMIN	Small molecule	Mitochondrial complex I (NADH dehydrogenase) inhibitor		NDUFS7	NADH:ubiquinone oxidoreductase core subunit S7	3	Recruiting	https://clinicaltrials.gov/study/NCT04264897
EFO_0022597	aging	CHEMBL1431	METFORMIN	Small molecule	Mitochondrial complex I (NADH dehydrogenase) inhibitor		NDUFB3	NADH:ubiquinone oxidoreductase subunit B3	3	Recruiting	https://clinicaltrials.gov/study/NCT04264897
EFO_0022597	aging	CHEMBL1431	METFORMIN	Small molecule	Mitochondrial complex I (NADH dehydrogenase) inhibitor		NDUFAF4	NADH:ubiquinone oxidoreductase complex assembly factor 4	3	Recruiting	https://clinicaltrials.gov/study/NCT04264897
EFO_0022597	aging	CHEMBL1431	METFORMIN	Small molecule	Mitochondrial complex I (NADH dehydrogenase) inhibitor		NDUFA10	NADH:ubiquinone oxidoreductase subunit A10	3	Recruiting	https://clinicaltrials.gov/study/NCT04264897
EFO_0022597	aging	CHEMBL1431	METFORMIN	Small molecule	Mitochondrial complex I (NADH dehydrogenase) inhibitor		NDUFAF1	NADH:ubiquinone oxidoreductase complex assembly factor 1	3	Recruiting	https://clinicaltrials.gov/study/NCT04264897
EFO_0022597	aging	CHEMBL1431	METFORMIN	Small molecule	Mitochondrial complex I (NADH dehydrogenase) inhibitor		NDUFA9	NADH:ubiquinone oxidoreductase subunit A9	3	Recruiting	https://clinicaltrials.gov/study/NCT04264897
EFO_0022597	aging	CHEMBL1431	METFORMIN	Small molecule	Mitochondrial complex I (NADH dehydrogenase) inhibitor		NDUFB10	NADH:ubiquinone oxidoreductase subunit B10	3	Recruiting	https://clinicaltrials.gov/study/NCT04264897
EFO_0022597	aging	CHEMBL1431	METFORMIN	Small molecule	Mitochondrial complex I (NADH dehydrogenase) inhibitor		NDUFB11	NADH:ubiquinone oxidoreductase subunit B11	3	Recruiting	https://clinicaltrials.gov/study/NCT04264897
EFO_0022597	aging	CHEMBL1431	METFORMIN	Small molecule	Mitochondrial complex I (NADH dehydrogenase) inhibitor		NDUFB9	NADH:ubiquinone oxidoreductase subunit B9	3	Recruiting	https://clinicaltrials.gov/study/NCT04264897
EFO_0022597	aging	CHEMBL1431	METFORMIN	Small molecule	Mitochondrial complex I (NADH dehydrogenase) inhibitor		NDUFS2	NADH:ubiquinone oxidoreductase core subunit S2	3	Recruiting	https://clinicaltrials.gov/study/NCT04264897
EFO_0022597	aging	CHEMBL1431	METFORMIN	Small molecule	Mitochondrial complex I (NADH dehydrogenase) inhibitor		NDUFV3	NADH:ubiquinone oxidoreductase subunit V3	3	Recruiting	https://clinicaltrials.gov/study/NCT04264897
EFO_0022597	aging	CHEMBL1431	METFORMIN	Small molecule	Mitochondrial complex I (NADH dehydrogenase) inhibitor		NDUFAF2	NADH:ubiquinone oxidoreductase complex assembly factor 2	3	Recruiting	https://clinicaltrials.gov/study/NCT04264897
EFO_0022597	aging	CHEMBL1431	METFORMIN	Small molecule	Mitochondrial complex I (NADH dehydrogenase) inhibitor		NDUFS4	NADH:ubiquinone oxidoreductase subunit S4	3	Recruiting	https://clinicaltrials.gov/study/NCT04264897
EFO_0022597	aging	CHEMBL1431	METFORMIN	Small molecule	Mitochondrial complex I (NADH dehydrogenase) inhibitor		NDUFV1	NADH:ubiquinone oxidoreductase core subunit V1	3	Recruiting	https://clinicaltrials.gov/study/NCT04264897
EFO_0022597	aging	CHEMBL1431	METFORMIN	Small molecule	Mitochondrial complex I (NADH dehydrogenase) inhibitor		NDUFA3	NADH:ubiquinone oxidoreductase subunit A3	3	Recruiting	https://clinicaltrials.gov/study/NCT04264897
EFO_0022597	aging	CHEMBL1431	METFORMIN	Small molecule	Mitochondrial complex I (NADH dehydrogenase) inhibitor		NDUFV2	NADH:ubiquinone oxidoreductase core subunit V2	3	Recruiting	https://clinicaltrials.gov/study/NCT04264897
EFO_0022597	aging	CHEMBL1431	METFORMIN	Small molecule	Mitochondrial complex I (NADH dehydrogenase) inhibitor		NDUFB1	NADH:ubiquinone oxidoreductase subunit B1	3	Recruiting	https://clinicaltrials.gov/study/NCT04264897
EFO_0022597	aging	CHEMBL1431	METFORMIN	Small molecule	Mitochondrial complex I (NADH dehydrogenase) inhibitor		NDUFA12	NADH:ubiquinone oxidoreductase subunit A12	3	Recruiting	https://clinicaltrials.gov/study/NCT04264897
EFO_0022597	aging	CHEMBL1431	METFORMIN	Small molecule	Mitochondrial complex I (NADH dehydrogenase) inhibitor		MT-ND6	mitochondrially encoded NADH:ubiquinone oxidoreductase core subunit 6	3	Recruiting	https://clinicaltrials.gov/study/NCT04264897
EFO_0022597	aging	CHEMBL1431	METFORMIN	Small molecule	Mitochondrial complex I (NADH dehydrogenase) inhibitor		MT-ND1	mitochondrially encoded NADH:ubiquinone oxidoreductase core subunit 1	3	Recruiting	https://clinicaltrials.gov/study/NCT04264897
EFO_0022597	aging	CHEMBL1431	METFORMIN	Small molecule	Mitochondrial complex I (NADH dehydrogenase) inhibitor		NDUFA7	NADH:ubiquinone oxidoreductase subunit A7	3	Recruiting	https://clinicaltrials.gov/study/NCT04264897
EFO_0022597	aging	CHEMBL1431	METFORMIN	Small molecule	Mitochondrial complex I (NADH dehydrogenase) inhibitor		NDUFS1	NADH:ubiquinone oxidoreductase core subunit S1	3	Terminated	https://clinicaltrials.gov/study/NCT03861767
EFO_0022597	aging	CHEMBL1431	METFORMIN	Small molecule	Mitochondrial complex I (NADH dehydrogenase) inhibitor		NDUFB4	NADH:ubiquinone oxidoreductase subunit B4	3	Terminated	https://clinicaltrials.gov/study/NCT03861767
EFO_0022597	aging	CHEMBL1431	METFORMIN	Small molecule	Mitochondrial complex I (NADH dehydrogenase) inhibitor		NDUFB7	NADH:ubiquinone oxidoreductase subunit B7	3	Terminated	https://clinicaltrials.gov/study/NCT03861767
EFO_0022597	aging	CHEMBL1431	METFORMIN	Small molecule	Mitochondrial complex I (NADH dehydrogenase) inhibitor		NDUFS7	NADH:ubiquinone oxidoreductase core subunit S7	3	Terminated	https://clinicaltrials.gov/study/NCT03861767
EFO_0022597	aging	CHEMBL1431	METFORMIN	Small molecule	Mitochondrial complex I (NADH dehydrogenase) inhibitor		NDUFA8	NADH:ubiquinone oxidoreductase subunit A8	3	Terminated	https://clinicaltrials.gov/study/NCT03861767
EFO_0022597	aging	CHEMBL1431	METFORMIN	Small molecule	Mitochondrial complex I (NADH dehydrogenase) inhibitor		NDUFA1	NADH:ubiquinone oxidoreductase subunit A1	3	Terminated	https://clinicaltrials.gov/study/NCT03861767
EFO_0022597	aging	CHEMBL1431	METFORMIN	Small molecule	Mitochondrial complex I (NADH dehydrogenase) inhibitor		NDUFA10	NADH:ubiquinone oxidoreductase subunit A10	3	Terminated	https://clinicaltrials.gov/study/NCT03861767
EFO_0022597	aging	CHEMBL1431	METFORMIN	Small molecule	Mitochondrial complex I (NADH dehydrogenase) inhibitor		NDUFB5	NADH:ubiquinone oxidoreductase subunit B5	3	Terminated	https://clinicaltrials.gov/study/NCT03861767
EFO_0022597	aging	CHEMBL1431	METFORMIN	Small molecule	Mitochondrial complex I (NADH dehydrogenase) inhibitor		NDUFAF1	NADH:ubiquinone oxidoreductase complex assembly factor 1	3	Terminated	https://clinicaltrials.gov/study/NCT03861767
EFO_0022597	aging	CHEMBL1431	METFORMIN	Small molecule	Mitochondrial complex I (NADH dehydrogenase) inhibitor		NDUFA9	NADH:ubiquinone oxidoreductase subunit A9	3	Terminated	https://clinicaltrials.gov/study/NCT03861767
EFO_0022597	aging	CHEMBL1431	METFORMIN	Small molecule	Mitochondrial complex I (NADH dehydrogenase) inhibitor		NDUFS6	NADH:ubiquinone oxidoreductase subunit S6	3	Terminated	https://clinicaltrials.gov/study/NCT03861767
EFO_0022597	aging	CHEMBL1431	METFORMIN	Small molecule	Mitochondrial complex I (NADH dehydrogenase) inhibitor		NDUFC2	NADH:ubiquinone oxidoreductase subunit C2	3	Terminated	https://clinicaltrials.gov/study/NCT03861767
EFO_0022597	aging	CHEMBL1431	METFORMIN	Small molecule	Mitochondrial complex I (NADH dehydrogenase) inhibitor		NDUFS4	NADH:ubiquinone oxidoreductase subunit S4	3	Terminated	https://clinicaltrials.gov/study/NCT03861767
EFO_0022597	aging	CHEMBL1431	METFORMIN	Small molecule	Mitochondrial complex I (NADH dehydrogenase) inhibitor		NDUFB6	NADH:ubiquinone oxidoreductase subunit B6	3	Terminated	https://clinicaltrials.gov/study/NCT03861767
EFO_0022597	aging	CHEMBL1431	METFORMIN	Small molecule	Mitochondrial complex I (NADH dehydrogenase) inhibitor		NDUFB8	NADH:ubiquinone oxidoreductase subunit B8	3	Terminated	https://clinicaltrials.gov/study/NCT03861767
EFO_0022597	aging	CHEMBL1431	METFORMIN	Small molecule	Mitochondrial complex I (NADH dehydrogenase) inhibitor		NDUFS5	NADH:ubiquinone oxidoreductase subunit S5	3	Terminated	https://clinicaltrials.gov/study/NCT03861767
EFO_0022597	aging	CHEMBL1431	METFORMIN	Small molecule	Mitochondrial complex I (NADH dehydrogenase) inhibitor		NDUFA11	NADH:ubiquinone oxidoreductase subunit A11	3	Terminated	https://clinicaltrials.gov/study/NCT03861767
EFO_0022597	aging	CHEMBL1431	METFORMIN	Small molecule	Mitochondrial complex I (NADH dehydrogenase) inhibitor		NDUFV2	NADH:ubiquinone oxidoreductase core subunit V2	3	Terminated	https://clinicaltrials.gov/study/NCT03861767
EFO_0022597	aging	CHEMBL1431	METFORMIN	Small molecule	Mitochondrial complex I (NADH dehydrogenase) inhibitor		COXFA4L2	cytochrome c oxidase hypoxia associated subunit FA4L2	3	Terminated	https://clinicaltrials.gov/study/NCT03861767
EFO_0022597	aging	CHEMBL1431	METFORMIN	Small molecule	Mitochondrial complex I (NADH dehydrogenase) inhibitor		MT-ND5	mitochondrially encoded NADH:ubiquinone oxidoreductase core subunit 5	3	Terminated	https://clinicaltrials.gov/study/NCT03861767
EFO_0022597	aging	CHEMBL1431	METFORMIN	Small molecule	Mitochondrial complex I (NADH dehydrogenase) inhibitor		MT-ND1	mitochondrially encoded NADH:ubiquinone oxidoreductase core subunit 1	3	Terminated	https://clinicaltrials.gov/study/NCT03861767
EFO_0022597	aging	CHEMBL1431	METFORMIN	Small molecule	Mitochondrial complex I (NADH dehydrogenase) inhibitor		NDUFA7	NADH:ubiquinone oxidoreductase subunit A7	3	Terminated	https://clinicaltrials.gov/study/NCT03861767
EFO_0022597	aging	CHEMBL2107067	TESTOSTERONE UNDECANOATE	Small molecule	Androgen Receptor agonist		AR	androgen receptor	3	Unknown status	https://clinicaltrials.gov/study/NCT00117000
EFO_0022597	aging	CHEMBL471737	IVABRADINE	Small molecule	Potassium/sodium hyperpolarization-activated cyclic nucleotide-gated channel 4 blocker		HCN4	hyperpolarization activated cyclic nucleotide gated potassium channel 4	3	Unknown status	https://clinicaltrials.gov/study/NCT02584439
EFO_0022597	aging	CHEMBL650	METHYLPREDNISOLONE	Small molecule	Glucocorticoid receptor agonist		NR3C1	nuclear receptor subfamily 3 group C member 1	3	Withdrawn	https://clinicaltrials.gov/study/NCT03529929
EFO_0005422	skin aging	CHEMBL1201574	ONABOTULINUMTOXINA	Unknown	Synaptosomal-associated protein 25 inhibitor	Inhibitor	SNAP25	synaptosome associated protein 25	3	Terminated	https://clinicaltrials.gov/study/NCT01818076
EFO_0022597	aging	CHEMBL1201574	ONABOTULINUMTOXINA	Unknown	Synaptosomal-associated protein 25 inhibitor	Inhibitor	SNAP25	synaptosome associated protein 25	3	Completed	https://clinicaltrials.gov/study/NCT01529203
EFO_0022597	aging	CHEMBL1431	METFORMIN	Small molecule	Mitochondrial complex I (NADH dehydrogenase) inhibitor		NDUFB4	NADH:ubiquinone oxidoreductase subunit B4	3	Recruiting	https://clinicaltrials.gov/study/NCT04264897
EFO_0022597	aging	CHEMBL1431	METFORMIN	Small molecule	Mitochondrial complex I (NADH dehydrogenase) inhibitor		NDUFB7	NADH:ubiquinone oxidoreductase subunit B7	3	Recruiting	https://clinicaltrials.gov/study/NCT04264897
EFO_0022597	aging	CHEMBL1431	METFORMIN	Small molecule	Mitochondrial complex I (NADH dehydrogenase) inhibitor		NDUFC1	NADH:ubiquinone oxidoreductase subunit C1	3	Recruiting	https://clinicaltrials.gov/study/NCT04264897
EFO_0022597	aging	CHEMBL1431	METFORMIN	Small molecule	Mitochondrial complex I (NADH dehydrogenase) inhibitor		NDUFS8	NADH:ubiquinone oxidoreductase core subunit S8	3	Recruiting	https://clinicaltrials.gov/study/NCT04264897
EFO_0022597	aging	CHEMBL1431	METFORMIN	Small molecule	Mitochondrial glycerol-3-phosphate dehydrogenase inhibitor		GPD2	glycerol-3-phosphate dehydrogenase 2	3	Recruiting	https://clinicaltrials.gov/study/NCT04264897
EFO_0022597	aging	CHEMBL1431	METFORMIN	Small molecule	Mitochondrial complex I (NADH dehydrogenase) inhibitor		NDUFA8	NADH:ubiquinone oxidoreductase subunit A8	3	Recruiting	https://clinicaltrials.gov/study/NCT04264897
EFO_0022597	aging	CHEMBL1431	METFORMIN	Small molecule	Mitochondrial complex I (NADH dehydrogenase) inhibitor		NDUFA1	NADH:ubiquinone oxidoreductase subunit A1	3	Recruiting	https://clinicaltrials.gov/study/NCT04264897
EFO_0022597	aging	CHEMBL1431	METFORMIN	Small molecule	Mitochondrial complex I (NADH dehydrogenase) inhibitor		NDUFA5	NADH:ubiquinone oxidoreductase subunit A5	3	Recruiting	https://clinicaltrials.gov/study/NCT04264897
EFO_0022597	aging	CHEMBL1431	METFORMIN	Small molecule	Mitochondrial complex I (NADH dehydrogenase) inhibitor		NDUFA2	NADH:ubiquinone oxidoreductase subunit A2	3	Recruiting	https://clinicaltrials.gov/study/NCT04264897
EFO_0022597	aging	CHEMBL1431	METFORMIN	Small molecule	Mitochondrial complex I (NADH dehydrogenase) inhibitor		NDUFB5	NADH:ubiquinone oxidoreductase subunit B5	3	Recruiting	https://clinicaltrials.gov/study/NCT04264897
EFO_0022597	aging	CHEMBL1431	METFORMIN	Small molecule	Mitochondrial complex I (NADH dehydrogenase) inhibitor		NDUFS6	NADH:ubiquinone oxidoreductase subunit S6	3	Recruiting	https://clinicaltrials.gov/study/NCT04264897
EFO_0022597	aging	CHEMBL1431	METFORMIN	Small molecule	Mitochondrial complex I (NADH dehydrogenase) inhibitor		NDUFC2	NADH:ubiquinone oxidoreductase subunit C2	3	Recruiting	https://clinicaltrials.gov/study/NCT04264897
EFO_0022597	aging	CHEMBL1431	METFORMIN	Small molecule	Mitochondrial complex I (NADH dehydrogenase) inhibitor		NDUFB6	NADH:ubiquinone oxidoreductase subunit B6	3	Recruiting	https://clinicaltrials.gov/study/NCT04264897
EFO_0022597	aging	CHEMBL1431	METFORMIN	Small molecule	Mitochondrial complex I (NADH dehydrogenase) inhibitor		NDUFB8	NADH:ubiquinone oxidoreductase subunit B8	3	Recruiting	https://clinicaltrials.gov/study/NCT04264897
EFO_0022597	aging	CHEMBL1431	METFORMIN	Small molecule	Mitochondrial complex I (NADH dehydrogenase) inhibitor		NDUFS5	NADH:ubiquinone oxidoreductase subunit S5	3	Recruiting	https://clinicaltrials.gov/study/NCT04264897
EFO_0022597	aging	CHEMBL1431	METFORMIN	Small molecule	Mitochondrial complex I (NADH dehydrogenase) inhibitor		NDUFA11	NADH:ubiquinone oxidoreductase subunit A11	3	Recruiting	https://clinicaltrials.gov/study/NCT04264897
EFO_0022597	aging	CHEMBL1431	METFORMIN	Small molecule	Mitochondrial complex I (NADH dehydrogenase) inhibitor		NDUFAF3	NADH:ubiquinone oxidoreductase complex assembly factor 3	3	Recruiting	https://clinicaltrials.gov/study/NCT04264897
EFO_0022597	aging	CHEMBL1431	METFORMIN	Small molecule	Mitochondrial complex I (NADH dehydrogenase) inhibitor		NDUFA6	NADH:ubiquinone oxidoreductase subunit A6	3	Recruiting	https://clinicaltrials.gov/study/NCT04264897
EFO_0022597	aging	CHEMBL1431	METFORMIN	Small molecule	Mitochondrial complex I (NADH dehydrogenase) inhibitor		COXFA4L2	cytochrome c oxidase hypoxia associated subunit FA4L2	3	Recruiting	https://clinicaltrials.gov/study/NCT04264897
EFO_0022597	aging	CHEMBL1431	METFORMIN	Small molecule	Mitochondrial complex I (NADH dehydrogenase) inhibitor		NDUFA13	NADH:ubiquinone oxidoreductase subunit A13	3	Recruiting	https://clinicaltrials.gov/study/NCT04264897
EFO_0022597	aging	CHEMBL1431	METFORMIN	Small molecule	Mitochondrial complex I (NADH dehydrogenase) inhibitor		COXFA4	cytochrome c oxidase associated subunit FA4	3	Recruiting	https://clinicaltrials.gov/study/NCT04264897
EFO_0022597	aging	CHEMBL1431	METFORMIN	Small molecule	Mitochondrial complex I (NADH dehydrogenase) inhibitor		MT-ND2	mitochondrially encoded NADH:ubiquinone oxidoreductase core subunit 2	3	Recruiting	https://clinicaltrials.gov/study/NCT04264897
EFO_0022597	aging	CHEMBL1431	METFORMIN	Small molecule	Mitochondrial complex I (NADH dehydrogenase) inhibitor		MT-ND5	mitochondrially encoded NADH:ubiquinone oxidoreductase core subunit 5	3	Recruiting	https://clinicaltrials.gov/study/NCT04264897
EFO_0022597	aging	CHEMBL1431	METFORMIN	Small molecule	Mitochondrial complex I (NADH dehydrogenase) inhibitor		MT-ND3	mitochondrially encoded NADH:ubiquinone oxidoreductase core subunit 3	3	Recruiting	https://clinicaltrials.gov/study/NCT04264897
EFO_0022597	aging	CHEMBL1431	METFORMIN	Small molecule	Mitochondrial complex I (NADH dehydrogenase) inhibitor		MT-ND4	mitochondrially encoded NADH:ubiquinone oxidoreductase core subunit 4	3	Recruiting	https://clinicaltrials.gov/study/NCT04264897
EFO_0022597	aging	CHEMBL1431	METFORMIN	Small molecule	Mitochondrial complex I (NADH dehydrogenase) inhibitor		MT-ND4L	mitochondrially encoded NADH:ubiquinone oxidoreductase core subunit 4L	3	Recruiting	https://clinicaltrials.gov/study/NCT04264897
EFO_0022597	aging	CHEMBL1431	METFORMIN	Small molecule	Mitochondrial complex I (NADH dehydrogenase) inhibitor		NDUFS3	NADH:ubiquinone oxidoreductase core subunit S3	3	Recruiting	https://clinicaltrials.gov/study/NCT04264897
EFO_0022597	aging	CHEMBL1431	METFORMIN	Small molecule	Mitochondrial complex I (NADH dehydrogenase) inhibitor		NDUFAB1	NADH:ubiquinone oxidoreductase subunit AB1	3	Terminated	https://clinicaltrials.gov/study/NCT03861767
EFO_0022597	aging	CHEMBL1431	METFORMIN	Small molecule	Mitochondrial complex I (NADH dehydrogenase) inhibitor		NDUFB2	NADH:ubiquinone oxidoreductase subunit B2	3	Terminated	https://clinicaltrials.gov/study/NCT03861767
EFO_0022597	aging	CHEMBL1431	METFORMIN	Small molecule	Mitochondrial complex I (NADH dehydrogenase) inhibitor		NDUFC1	NADH:ubiquinone oxidoreductase subunit C1	3	Terminated	https://clinicaltrials.gov/study/NCT03861767
EFO_0022597	aging	CHEMBL1431	METFORMIN	Small molecule	Mitochondrial complex I (NADH dehydrogenase) inhibitor		NDUFS8	NADH:ubiquinone oxidoreductase core subunit S8	3	Terminated	https://clinicaltrials.gov/study/NCT03861767
EFO_0022597	aging	CHEMBL1431	METFORMIN	Small molecule	Mitochondrial glycerol-3-phosphate dehydrogenase inhibitor		GPD2	glycerol-3-phosphate dehydrogenase 2	3	Terminated	https://clinicaltrials.gov/study/NCT03861767
EFO_0022597	aging	CHEMBL1431	METFORMIN	Small molecule	Mitochondrial complex I (NADH dehydrogenase) inhibitor		NDUFB3	NADH:ubiquinone oxidoreductase subunit B3	3	Terminated	https://clinicaltrials.gov/study/NCT03861767
EFO_0022597	aging	CHEMBL1431	METFORMIN	Small molecule	Mitochondrial complex I (NADH dehydrogenase) inhibitor		NDUFAF4	NADH:ubiquinone oxidoreductase complex assembly factor 4	3	Terminated	https://clinicaltrials.gov/study/NCT03861767
EFO_0022597	aging	CHEMBL1431	METFORMIN	Small molecule	Mitochondrial complex I (NADH dehydrogenase) inhibitor		NDUFA5	NADH:ubiquinone oxidoreductase subunit A5	3	Terminated	https://clinicaltrials.gov/study/NCT03861767
EFO_0022597	aging	CHEMBL1431	METFORMIN	Small molecule	Mitochondrial complex I (NADH dehydrogenase) inhibitor		NDUFA2	NADH:ubiquinone oxidoreductase subunit A2	3	Terminated	https://clinicaltrials.gov/study/NCT03861767
EFO_0022597	aging	CHEMBL1431	METFORMIN	Small molecule	Mitochondrial complex I (NADH dehydrogenase) inhibitor		NDUFB10	NADH:ubiquinone oxidoreductase subunit B10	3	Terminated	https://clinicaltrials.gov/study/NCT03861767
EFO_0022597	aging	CHEMBL1431	METFORMIN	Small molecule	Mitochondrial complex I (NADH dehydrogenase) inhibitor		NDUFB11	NADH:ubiquinone oxidoreductase subunit B11	3	Terminated	https://clinicaltrials.gov/study/NCT03861767
EFO_0022597	aging	CHEMBL1431	METFORMIN	Small molecule	Mitochondrial complex I (NADH dehydrogenase) inhibitor		NDUFB9	NADH:ubiquinone oxidoreductase subunit B9	3	Terminated	https://clinicaltrials.gov/study/NCT03861767
EFO_0022597	aging	CHEMBL1431	METFORMIN	Small molecule	Mitochondrial complex I (NADH dehydrogenase) inhibitor		NDUFS2	NADH:ubiquinone oxidoreductase core subunit S2	3	Terminated	https://clinicaltrials.gov/study/NCT03861767
EFO_0022597	aging	CHEMBL1431	METFORMIN	Small molecule	Mitochondrial complex I (NADH dehydrogenase) inhibitor		NDUFV3	NADH:ubiquinone oxidoreductase subunit V3	3	Terminated	https://clinicaltrials.gov/study/NCT03861767
EFO_0022597	aging	CHEMBL1431	METFORMIN	Small molecule	Mitochondrial complex I (NADH dehydrogenase) inhibitor		NDUFAF2	NADH:ubiquinone oxidoreductase complex assembly factor 2	3	Terminated	https://clinicaltrials.gov/study/NCT03861767
EFO_0022597	aging	CHEMBL1431	METFORMIN	Small molecule	Mitochondrial complex I (NADH dehydrogenase) inhibitor		NDUFV1	NADH:ubiquinone oxidoreductase core subunit V1	3	Terminated	https://clinicaltrials.gov/study/NCT03861767
EFO_0022597	aging	CHEMBL1431	METFORMIN	Small molecule	Mitochondrial complex I (NADH dehydrogenase) inhibitor		NDUFA3	NADH:ubiquinone oxidoreductase subunit A3	3	Terminated	https://clinicaltrials.gov/study/NCT03861767
EFO_0022597	aging	CHEMBL1431	METFORMIN	Small molecule	Mitochondrial complex I (NADH dehydrogenase) inhibitor		NDUFAF3	NADH:ubiquinone oxidoreductase complex assembly factor 3	3	Terminated	https://clinicaltrials.gov/study/NCT03861767
EFO_0022597	aging	CHEMBL1431	METFORMIN	Small molecule	Mitochondrial complex I (NADH dehydrogenase) inhibitor		NDUFB1	NADH:ubiquinone oxidoreductase subunit B1	3	Terminated	https://clinicaltrials.gov/study/NCT03861767
EFO_0022597	aging	CHEMBL1431	METFORMIN	Small molecule	Mitochondrial complex I (NADH dehydrogenase) inhibitor		NDUFA12	NADH:ubiquinone oxidoreductase subunit A12	3	Terminated	https://clinicaltrials.gov/study/NCT03861767
EFO_0022597	aging	CHEMBL1431	METFORMIN	Small molecule	Mitochondrial complex I (NADH dehydrogenase) inhibitor		NDUFA6	NADH:ubiquinone oxidoreductase subunit A6	3	Terminated	https://clinicaltrials.gov/study/NCT03861767
EFO_0022597	aging	CHEMBL1431	METFORMIN	Small molecule	Mitochondrial complex I (NADH dehydrogenase) inhibitor		NDUFA13	NADH:ubiquinone oxidoreductase subunit A13	3	Terminated	https://clinicaltrials.gov/study/NCT03861767
EFO_0022597	aging	CHEMBL1431	METFORMIN	Small molecule	Mitochondrial complex I (NADH dehydrogenase) inhibitor		COXFA4	cytochrome c oxidase associated subunit FA4	3	Terminated	https://clinicaltrials.gov/study/NCT03861767
EFO_0022597	aging	CHEMBL1431	METFORMIN	Small molecule	Mitochondrial complex I (NADH dehydrogenase) inhibitor		MT-ND6	mitochondrially encoded NADH:ubiquinone oxidoreductase core subunit 6	3	Terminated	https://clinicaltrials.gov/study/NCT03861767
EFO_0022597	aging	CHEMBL1431	METFORMIN	Small molecule	Mitochondrial complex I (NADH dehydrogenase) inhibitor		MT-ND2	mitochondrially encoded NADH:ubiquinone oxidoreductase core subunit 2	3	Terminated	https://clinicaltrials.gov/study/NCT03861767
EFO_0022597	aging	CHEMBL1431	METFORMIN	Small molecule	Mitochondrial complex I (NADH dehydrogenase) inhibitor		MT-ND3	mitochondrially encoded NADH:ubiquinone oxidoreductase core subunit 3	3	Terminated	https://clinicaltrials.gov/study/NCT03861767
EFO_0022597	aging	CHEMBL1431	METFORMIN	Small molecule	Mitochondrial complex I (NADH dehydrogenase) inhibitor		MT-ND4	mitochondrially encoded NADH:ubiquinone oxidoreductase core subunit 4	3	Terminated	https://clinicaltrials.gov/study/NCT03861767
EFO_0022597	aging	CHEMBL1431	METFORMIN	Small molecule	Mitochondrial complex I (NADH dehydrogenase) inhibitor		MT-ND4L	mitochondrially encoded NADH:ubiquinone oxidoreductase core subunit 4L	3	Terminated	https://clinicaltrials.gov/study/NCT03861767
EFO_0022597	aging	CHEMBL1431	METFORMIN	Small molecule	Mitochondrial complex I (NADH dehydrogenase) inhibitor		NDUFS3	NADH:ubiquinone oxidoreductase core subunit S3	3	Terminated	https://clinicaltrials.gov/study/NCT03861767
EFO_0022597	aging	CHEMBL113313	CAPROMORELIN	Small molecule	Ghrelin receptor agonist		GHSR	growth hormone secretagogue receptor	2	Terminated	https://clinicaltrials.gov/study/NCT00527046
EFO_0022597	aging	CHEMBL1201621	SOMATROPIN	Protein	Growth hormone receptor agonist		GHR	growth hormone receptor	2	Terminated	https://clinicaltrials.gov/study/NCT01410799
EFO_0022597	aging	CHEMBL1421	DASATINIB	Small molecule	SRC inhibitor		FGR	FGR proto-oncogene, Src family tyrosine kinase	2	Active, not recruiting	https://clinicaltrials.gov/study/NCT04946383
EFO_0022597	aging	CHEMBL1421	DASATINIB	Small molecule	SRC inhibitor		HCK	HCK proto-oncogene, Src family tyrosine kinase	2	Active, not recruiting	https://clinicaltrials.gov/study/NCT04946383
EFO_0022597	aging	CHEMBL1421	DASATINIB	Small molecule	SRC inhibitor		SRMS	src-related kinase lacking C-terminal regulatory tyrosine and N-terminal myristylation sites	2	Active, not recruiting	https://clinicaltrials.gov/study/NCT04946383
EFO_0022597	aging	CHEMBL1421	DASATINIB	Small molecule	Ephrin type-A receptor 2 inhibitor		EPHA2	EPH receptor A2	2	Active, not recruiting	https://clinicaltrials.gov/study/NCT04946383
EFO_0022597	aging	CHEMBL1421	DASATINIB	Small molecule	Stem cell growth factor receptor inhibitor		KIT	KIT proto-oncogene, receptor tyrosine kinase	2	Active, not recruiting	https://clinicaltrials.gov/study/NCT04946383
EFO_0022597	aging	CHEMBL1421	DASATINIB	Small molecule	SRC inhibitor		LCK	LCK proto-oncogene, Src family tyrosine kinase	2	Active, not recruiting	https://clinicaltrials.gov/study/NCT04946383
EFO_0022597	aging	CHEMBL1421	DASATINIB	Small molecule	Bcr/Abl fusion protein		BCR	BCR activator of RhoGEF and GTPase	2	Active, not recruiting	https://clinicaltrials.gov/study/NCT04946383
EFO_0022597	aging	CHEMBL1431	METFORMIN	Small molecule	Mitochondrial complex I (NADH dehydrogenase) inhibitor		NDUFAB1	NADH:ubiquinone oxidoreductase subunit AB1	2	Not yet recruiting	https://clinicaltrials.gov/study/NCT06459310
EFO_0022597	aging	CHEMBL1431	METFORMIN	Small molecule	Mitochondrial complex I (NADH dehydrogenase) inhibitor		NDUFB4	NADH:ubiquinone oxidoreductase subunit B4	2	Not yet recruiting	https://clinicaltrials.gov/study/NCT06459310
EFO_0022597	aging	CHEMBL1431	METFORMIN	Small molecule	Mitochondrial complex I (NADH dehydrogenase) inhibitor		NDUFC1	NADH:ubiquinone oxidoreductase subunit C1	2	Not yet recruiting	https://clinicaltrials.gov/study/NCT06459310
EFO_0022597	aging	CHEMBL1431	METFORMIN	Small molecule	Mitochondrial complex I (NADH dehydrogenase) inhibitor		NDUFS8	NADH:ubiquinone oxidoreductase core subunit S8	2	Not yet recruiting	https://clinicaltrials.gov/study/NCT06459310
EFO_0022597	aging	CHEMBL1431	METFORMIN	Small molecule	Mitochondrial glycerol-3-phosphate dehydrogenase inhibitor		GPD2	glycerol-3-phosphate dehydrogenase 2	2	Not yet recruiting	https://clinicaltrials.gov/study/NCT06459310
EFO_0022597	aging	CHEMBL1431	METFORMIN	Small molecule	Mitochondrial complex I (NADH dehydrogenase) inhibitor		NDUFS7	NADH:ubiquinone oxidoreductase core subunit S7	2	Not yet recruiting	https://clinicaltrials.gov/study/NCT06459310
EFO_0022597	aging	CHEMBL1431	METFORMIN	Small molecule	Mitochondrial complex I (NADH dehydrogenase) inhibitor		NDUFB3	NADH:ubiquinone oxidoreductase subunit B3	2	Not yet recruiting	https://clinicaltrials.gov/study/NCT06459310
EFO_0022597	aging	CHEMBL1431	METFORMIN	Small molecule	Mitochondrial complex I (NADH dehydrogenase) inhibitor		NDUFA8	NADH:ubiquinone oxidoreductase subunit A8	2	Not yet recruiting	https://clinicaltrials.gov/study/NCT06459310
EFO_0022597	aging	CHEMBL1431	METFORMIN	Small molecule	Mitochondrial complex I (NADH dehydrogenase) inhibitor		NDUFA1	NADH:ubiquinone oxidoreductase subunit A1	2	Not yet recruiting	https://clinicaltrials.gov/study/NCT06459310
EFO_0022597	aging	CHEMBL1431	METFORMIN	Small molecule	Mitochondrial complex I (NADH dehydrogenase) inhibitor		NDUFA10	NADH:ubiquinone oxidoreductase subunit A10	2	Not yet recruiting	https://clinicaltrials.gov/study/NCT06459310
EFO_0022597	aging	CHEMBL1431	METFORMIN	Small molecule	Mitochondrial complex I (NADH dehydrogenase) inhibitor		NDUFAF1	NADH:ubiquinone oxidoreductase complex assembly factor 1	2	Not yet recruiting	https://clinicaltrials.gov/study/NCT06459310
EFO_0022597	aging	CHEMBL1431	METFORMIN	Small molecule	Mitochondrial complex I (NADH dehydrogenase) inhibitor		NDUFA9	NADH:ubiquinone oxidoreductase subunit A9	2	Not yet recruiting	https://clinicaltrials.gov/study/NCT06459310
EFO_0022597	aging	CHEMBL1431	METFORMIN	Small molecule	Mitochondrial complex I (NADH dehydrogenase) inhibitor		NDUFB11	NADH:ubiquinone oxidoreductase subunit B11	2	Not yet recruiting	https://clinicaltrials.gov/study/NCT06459310
EFO_0022597	aging	CHEMBL1431	METFORMIN	Small molecule	Mitochondrial complex I (NADH dehydrogenase) inhibitor		NDUFC2	NADH:ubiquinone oxidoreductase subunit C2	2	Not yet recruiting	https://clinicaltrials.gov/study/NCT06459310
EFO_0022597	aging	CHEMBL1431	METFORMIN	Small molecule	Mitochondrial complex I (NADH dehydrogenase) inhibitor		NDUFS4	NADH:ubiquinone oxidoreductase subunit S4	2	Not yet recruiting	https://clinicaltrials.gov/study/NCT06459310
EFO_0022597	aging	CHEMBL1431	METFORMIN	Small molecule	Mitochondrial complex I (NADH dehydrogenase) inhibitor		NDUFB8	NADH:ubiquinone oxidoreductase subunit B8	2	Not yet recruiting	https://clinicaltrials.gov/study/NCT06459310
EFO_0022597	aging	CHEMBL1431	METFORMIN	Small molecule	Mitochondrial complex I (NADH dehydrogenase) inhibitor		NDUFS5	NADH:ubiquinone oxidoreductase subunit S5	2	Not yet recruiting	https://clinicaltrials.gov/study/NCT06459310
EFO_0022597	aging	CHEMBL1431	METFORMIN	Small molecule	Mitochondrial complex I (NADH dehydrogenase) inhibitor		NDUFA3	NADH:ubiquinone oxidoreductase subunit A3	2	Not yet recruiting	https://clinicaltrials.gov/study/NCT06459310
EFO_0022597	aging	CHEMBL1431	METFORMIN	Small molecule	Mitochondrial complex I (NADH dehydrogenase) inhibitor		NDUFA11	NADH:ubiquinone oxidoreductase subunit A11	2	Not yet recruiting	https://clinicaltrials.gov/study/NCT06459310
EFO_0022597	aging	CHEMBL1431	METFORMIN	Small molecule	Mitochondrial complex I (NADH dehydrogenase) inhibitor		NDUFV2	NADH:ubiquinone oxidoreductase core subunit V2	2	Not yet recruiting	https://clinicaltrials.gov/study/NCT06459310
EFO_0022597	aging	CHEMBL1431	METFORMIN	Small molecule	Mitochondrial complex I (NADH dehydrogenase) inhibitor		NDUFB1	NADH:ubiquinone oxidoreductase subunit B1	2	Not yet recruiting	https://clinicaltrials.gov/study/NCT06459310
EFO_0022597	aging	CHEMBL1431	METFORMIN	Small molecule	Mitochondrial complex I (NADH dehydrogenase) inhibitor		MT-ND2	mitochondrially encoded NADH:ubiquinone oxidoreductase core subunit 2	2	Not yet recruiting	https://clinicaltrials.gov/study/NCT06459310
EFO_0022597	aging	CHEMBL1431	METFORMIN	Small molecule	Mitochondrial complex I (NADH dehydrogenase) inhibitor		MT-ND5	mitochondrially encoded NADH:ubiquinone oxidoreductase core subunit 5	2	Not yet recruiting	https://clinicaltrials.gov/study/NCT06459310
EFO_0022597	aging	CHEMBL1431	METFORMIN	Small molecule	Mitochondrial complex I (NADH dehydrogenase) inhibitor		NDUFS3	NADH:ubiquinone oxidoreductase core subunit S3	2	Not yet recruiting	https://clinicaltrials.gov/study/NCT06459310
EFO_0022597	aging	CHEMBL1566	ACARBOSE	Oligosaccharide	Maltase-glucoamylase inhibitor		MGAM	maltase-glucoamylase	2	Completed	https://clinicaltrials.gov/study/NCT02865499,https://clinicaltrials.gov/study/NCT02953093
EFO_0022597	aging	CHEMBL1703	METFORMIN HYDROCHLORIDE	Small molecule	Mitochondrial complex I (NADH dehydrogenase) inhibitor		NDUFS1	NADH:ubiquinone oxidoreductase core subunit S1	2	Not yet recruiting	https://clinicaltrials.gov/study/NCT06459310
EFO_0022597	aging	CHEMBL1703	METFORMIN HYDROCHLORIDE	Small molecule	Mitochondrial complex I (NADH dehydrogenase) inhibitor		NDUFB7	NADH:ubiquinone oxidoreductase subunit B7	2	Not yet recruiting	https://clinicaltrials.gov/study/NCT06459310
EFO_0022597	aging	CHEMBL1703	METFORMIN HYDROCHLORIDE	Small molecule	Mitochondrial glycerol-3-phosphate dehydrogenase inhibitor		GPD2	glycerol-3-phosphate dehydrogenase 2	2	Not yet recruiting	https://clinicaltrials.gov/study/NCT06459310
EFO_0022597	aging	CHEMBL1703	METFORMIN HYDROCHLORIDE	Small molecule	Mitochondrial complex I (NADH dehydrogenase) inhibitor		NDUFB3	NADH:ubiquinone oxidoreductase subunit B3	2	Not yet recruiting	https://clinicaltrials.gov/study/NCT06459310
EFO_0022597	aging	CHEMBL1703	METFORMIN HYDROCHLORIDE	Small molecule	Mitochondrial complex I (NADH dehydrogenase) inhibitor		NDUFA5	NADH:ubiquinone oxidoreductase subunit A5	2	Not yet recruiting	https://clinicaltrials.gov/study/NCT06459310
EFO_0022597	aging	CHEMBL1703	METFORMIN HYDROCHLORIDE	Small molecule	Mitochondrial complex I (NADH dehydrogenase) inhibitor		NDUFA2	NADH:ubiquinone oxidoreductase subunit A2	2	Not yet recruiting	https://clinicaltrials.gov/study/NCT06459310
EFO_0022597	aging	CHEMBL1703	METFORMIN HYDROCHLORIDE	Small molecule	Mitochondrial complex I (NADH dehydrogenase) inhibitor		NDUFA9	NADH:ubiquinone oxidoreductase subunit A9	2	Not yet recruiting	https://clinicaltrials.gov/study/NCT06459310
EFO_0022597	aging	CHEMBL1703	METFORMIN HYDROCHLORIDE	Small molecule	Mitochondrial complex I (NADH dehydrogenase) inhibitor		NDUFB10	NADH:ubiquinone oxidoreductase subunit B10	2	Not yet recruiting	https://clinicaltrials.gov/study/NCT06459310
EFO_0022597	aging	CHEMBL1703	METFORMIN HYDROCHLORIDE	Small molecule	Mitochondrial complex I (NADH dehydrogenase) inhibitor		NDUFS6	NADH:ubiquinone oxidoreductase subunit S6	2	Not yet recruiting	https://clinicaltrials.gov/study/NCT06459310
EFO_0022597	aging	CHEMBL1703	METFORMIN HYDROCHLORIDE	Small molecule	Mitochondrial complex I (NADH dehydrogenase) inhibitor		NDUFB9	NADH:ubiquinone oxidoreductase subunit B9	2	Not yet recruiting	https://clinicaltrials.gov/study/NCT06459310
EFO_0022597	aging	CHEMBL1703	METFORMIN HYDROCHLORIDE	Small molecule	Mitochondrial complex I (NADH dehydrogenase) inhibitor		NDUFC2	NADH:ubiquinone oxidoreductase subunit C2	2	Not yet recruiting	https://clinicaltrials.gov/study/NCT06459310
EFO_0022597	aging	CHEMBL1703	METFORMIN HYDROCHLORIDE	Small molecule	Mitochondrial complex I (NADH dehydrogenase) inhibitor		NDUFS2	NADH:ubiquinone oxidoreductase core subunit S2	2	Not yet recruiting	https://clinicaltrials.gov/study/NCT06459310
EFO_0022597	aging	CHEMBL1703	METFORMIN HYDROCHLORIDE	Small molecule	Mitochondrial complex I (NADH dehydrogenase) inhibitor		NDUFV3	NADH:ubiquinone oxidoreductase subunit V3	2	Not yet recruiting	https://clinicaltrials.gov/study/NCT06459310
EFO_0022597	aging	CHEMBL1703	METFORMIN HYDROCHLORIDE	Small molecule	Mitochondrial complex I (NADH dehydrogenase) inhibitor		NDUFAF2	NADH:ubiquinone oxidoreductase complex assembly factor 2	2	Not yet recruiting	https://clinicaltrials.gov/study/NCT06459310
EFO_0022597	aging	CHEMBL1703	METFORMIN HYDROCHLORIDE	Small molecule	Mitochondrial complex I (NADH dehydrogenase) inhibitor		NDUFB6	NADH:ubiquinone oxidoreductase subunit B6	2	Not yet recruiting	https://clinicaltrials.gov/study/NCT06459310
EFO_0022597	aging	CHEMBL1703	METFORMIN HYDROCHLORIDE	Small molecule	Mitochondrial complex I (NADH dehydrogenase) inhibitor		NDUFV1	NADH:ubiquinone oxidoreductase core subunit V1	2	Not yet recruiting	https://clinicaltrials.gov/study/NCT06459310
EFO_0022597	aging	CHEMBL1703	METFORMIN HYDROCHLORIDE	Small molecule	Mitochondrial complex I (NADH dehydrogenase) inhibitor		NDUFS5	NADH:ubiquinone oxidoreductase subunit S5	2	Not yet recruiting	https://clinicaltrials.gov/study/NCT06459310
EFO_0022597	aging	CHEMBL1703	METFORMIN HYDROCHLORIDE	Small molecule	Mitochondrial complex I (NADH dehydrogenase) inhibitor		NDUFA11	NADH:ubiquinone oxidoreductase subunit A11	2	Not yet recruiting	https://clinicaltrials.gov/study/NCT06459310
EFO_0022597	aging	CHEMBL1703	METFORMIN HYDROCHLORIDE	Small molecule	Mitochondrial complex I (NADH dehydrogenase) inhibitor		NDUFAF3	NADH:ubiquinone oxidoreductase complex assembly factor 3	2	Not yet recruiting	https://clinicaltrials.gov/study/NCT06459310
EFO_0022597	aging	CHEMBL1703	METFORMIN HYDROCHLORIDE	Small molecule	Mitochondrial complex I (NADH dehydrogenase) inhibitor		NDUFV2	NADH:ubiquinone oxidoreductase core subunit V2	2	Not yet recruiting	https://clinicaltrials.gov/study/NCT06459310
EFO_0022597	aging	CHEMBL1703	METFORMIN HYDROCHLORIDE	Small molecule	Mitochondrial complex I (NADH dehydrogenase) inhibitor		NDUFA6	NADH:ubiquinone oxidoreductase subunit A6	2	Not yet recruiting	https://clinicaltrials.gov/study/NCT06459310
EFO_0022597	aging	CHEMBL1703	METFORMIN HYDROCHLORIDE	Small molecule	Mitochondrial complex I (NADH dehydrogenase) inhibitor		NDUFA13	NADH:ubiquinone oxidoreductase subunit A13	2	Not yet recruiting	https://clinicaltrials.gov/study/NCT06459310
EFO_0022597	aging	CHEMBL1703	METFORMIN HYDROCHLORIDE	Small molecule	Mitochondrial complex I (NADH dehydrogenase) inhibitor		COXFA4	cytochrome c oxidase associated subunit FA4	2	Not yet recruiting	https://clinicaltrials.gov/study/NCT06459310
EFO_0022597	aging	CHEMBL1703	METFORMIN HYDROCHLORIDE	Small molecule	Mitochondrial complex I (NADH dehydrogenase) inhibitor		MT-ND3	mitochondrially encoded NADH:ubiquinone oxidoreductase core subunit 3	2	Not yet recruiting	https://clinicaltrials.gov/study/NCT06459310
EFO_0022597	aging	CHEMBL1703	METFORMIN HYDROCHLORIDE	Small molecule	Mitochondrial complex I (NADH dehydrogenase) inhibitor		MT-ND1	mitochondrially encoded NADH:ubiquinone oxidoreductase core subunit 1	2	Not yet recruiting	https://clinicaltrials.gov/study/NCT06459310
EFO_0022597	aging	CHEMBL1703	METFORMIN HYDROCHLORIDE	Small molecule	Mitochondrial complex I (NADH dehydrogenase) inhibitor		MT-ND4L	mitochondrially encoded NADH:ubiquinone oxidoreductase core subunit 4L	2	Not yet recruiting	https://clinicaltrials.gov/study/NCT06459310
EFO_0022597	aging	CHEMBL1703	METFORMIN HYDROCHLORIDE	Small molecule	Mitochondrial complex I (NADH dehydrogenase) inhibitor		NDUFS3	NADH:ubiquinone oxidoreductase core subunit S3	2	Not yet recruiting	https://clinicaltrials.gov/study/NCT06459310
EFO_0022597	aging	CHEMBL1703	METFORMIN HYDROCHLORIDE	Small molecule	Mitochondrial complex I (NADH dehydrogenase) inhibitor		NDUFA7	NADH:ubiquinone oxidoreductase subunit A7	2	Not yet recruiting	https://clinicaltrials.gov/study/NCT06459310
EFO_0022597	aging	CHEMBL389621	HYDROCORTISONE	Small molecule	Glucocorticoid receptor agonist		NR3C1	nuclear receptor subfamily 3 group C member 1	2	Completed	https://clinicaltrials.gov/study/NCT00220454
EFO_0022597	aging	CHEMBL413	SIROLIMUS	Small molecule	FK506-binding protein 1A inhibitor		FKBP1A	FKBP prolyl isomerase 1A	2	Completed	https://clinicaltrials.gov/study/NCT02874924,https://clinicaltrials.gov/study/NCT04488601
EFO_0005422	skin aging	CHEMBL1201574	ONABOTULINUMTOXINA	Unknown	Synaptosomal-associated protein 25 inhibitor	Inhibitor	SNAP25	synaptosome associated protein 25	2	Completed	https://clinicaltrials.gov/study/NCT01940991
EFO_0022597	aging	CHEMBL1042	CHOLECALCIFEROL	Small molecule	Vitamin D receptor agonist		VDR	vitamin D receptor	2	Unknown status	https://clinicaltrials.gov/study/NCT02222649
EFO_0022597	aging	CHEMBL135	ESTRADIOL	Small molecule	Estrogen receptor alpha agonist		ESR1	estrogen receptor 1	2	Completed	https://clinicaltrials.gov/study/NCT00220454
EFO_0022597	aging	CHEMBL1421	DASATINIB	Small molecule	SRC inhibitor		FYN	FYN proto-oncogene, Src family tyrosine kinase	2	Active, not recruiting	https://clinicaltrials.gov/study/NCT04946383
EFO_0022597	aging	CHEMBL1421	DASATINIB	Small molecule	Tyrosine-protein kinase ABL inhibitor		ABL1	ABL proto-oncogene 1, non-receptor tyrosine kinase	2	Active, not recruiting	https://clinicaltrials.gov/study/NCT04946383
EFO_0022597	aging	CHEMBL1421	DASATINIB	Small molecule	SRC inhibitor		FRK	fyn related Src family tyrosine kinase	2	Active, not recruiting	https://clinicaltrials.gov/study/NCT04946383
EFO_0022597	aging	CHEMBL1421	DASATINIB	Small molecule	Platelet-derived growth factor receptor beta inhibitor		PDGFRB	platelet derived growth factor receptor beta	2	Active, not recruiting	https://clinicaltrials.gov/study/NCT04946383
EFO_0022597	aging	CHEMBL1421	DASATINIB	Small molecule	SRC inhibitor		BLK	BLK proto-oncogene, Src family tyrosine kinase	2	Active, not recruiting	https://clinicaltrials.gov/study/NCT04946383
EFO_0022597	aging	CHEMBL1421	DASATINIB	Small molecule	SRC inhibitor		YES1	YES proto-oncogene 1, Src family tyrosine kinase	2	Active, not recruiting	https://clinicaltrials.gov/study/NCT04946383
EFO_0022597	aging	CHEMBL1421	DASATINIB	Small molecule	SRC inhibitor		SRC	SRC proto-oncogene, non-receptor tyrosine kinase	2	Active, not recruiting	https://clinicaltrials.gov/study/NCT04946383
EFO_0022597	aging	CHEMBL1421	DASATINIB	Small molecule	SRC inhibitor		LYN	LYN proto-oncogene, Src family tyrosine kinase	2	Active, not recruiting	https://clinicaltrials.gov/study/NCT04946383
EFO_0022597	aging	CHEMBL1431	METFORMIN	Small molecule	Mitochondrial complex I (NADH dehydrogenase) inhibitor		NDUFS1	NADH:ubiquinone oxidoreductase core subunit S1	2	Not yet recruiting	https://clinicaltrials.gov/study/NCT06459310
EFO_0022597	aging	CHEMBL1431	METFORMIN	Small molecule	Mitochondrial complex I (NADH dehydrogenase) inhibitor		NDUFB2	NADH:ubiquinone oxidoreductase subunit B2	2	Not yet recruiting	https://clinicaltrials.gov/study/NCT06459310
EFO_0022597	aging	CHEMBL1431	METFORMIN	Small molecule	Mitochondrial complex I (NADH dehydrogenase) inhibitor		NDUFB7	NADH:ubiquinone oxidoreductase subunit B7	2	Not yet recruiting	https://clinicaltrials.gov/study/NCT06459310
EFO_0022597	aging	CHEMBL1431	METFORMIN	Small molecule	Mitochondrial complex I (NADH dehydrogenase) inhibitor		NDUFAF4	NADH:ubiquinone oxidoreductase complex assembly factor 4	2	Not yet recruiting	https://clinicaltrials.gov/study/NCT06459310
EFO_0022597	aging	CHEMBL1431	METFORMIN	Small molecule	Mitochondrial complex I (NADH dehydrogenase) inhibitor		NDUFA5	NADH:ubiquinone oxidoreductase subunit A5	2	Not yet recruiting	https://clinicaltrials.gov/study/NCT06459310
EFO_0022597	aging	CHEMBL1431	METFORMIN	Small molecule	Mitochondrial complex I (NADH dehydrogenase) inhibitor		NDUFA2	NADH:ubiquinone oxidoreductase subunit A2	2	Not yet recruiting	https://clinicaltrials.gov/study/NCT06459310
EFO_0022597	aging	CHEMBL1431	METFORMIN	Small molecule	Mitochondrial complex I (NADH dehydrogenase) inhibitor		NDUFB5	NADH:ubiquinone oxidoreductase subunit B5	2	Not yet recruiting	https://clinicaltrials.gov/study/NCT06459310
EFO_0022597	aging	CHEMBL1431	METFORMIN	Small molecule	Mitochondrial complex I (NADH dehydrogenase) inhibitor		NDUFB10	NADH:ubiquinone oxidoreductase subunit B10	2	Not yet recruiting	https://clinicaltrials.gov/study/NCT06459310
EFO_0022597	aging	CHEMBL1431	METFORMIN	Small molecule	Mitochondrial complex I (NADH dehydrogenase) inhibitor		NDUFS6	NADH:ubiquinone oxidoreductase subunit S6	2	Not yet recruiting	https://clinicaltrials.gov/study/NCT06459310
EFO_0022597	aging	CHEMBL1431	METFORMIN	Small molecule	Mitochondrial complex I (NADH dehydrogenase) inhibitor		NDUFB9	NADH:ubiquinone oxidoreductase subunit B9	2	Not yet recruiting	https://clinicaltrials.gov/study/NCT06459310
EFO_0022597	aging	CHEMBL1431	METFORMIN	Small molecule	Mitochondrial complex I (NADH dehydrogenase) inhibitor		NDUFS2	NADH:ubiquinone oxidoreductase core subunit S2	2	Not yet recruiting	https://clinicaltrials.gov/study/NCT06459310
EFO_0022597	aging	CHEMBL1431	METFORMIN	Small molecule	Mitochondrial complex I (NADH dehydrogenase) inhibitor		NDUFV3	NADH:ubiquinone oxidoreductase subunit V3	2	Not yet recruiting	https://clinicaltrials.gov/study/NCT06459310
EFO_0022597	aging	CHEMBL1431	METFORMIN	Small molecule	Mitochondrial complex I (NADH dehydrogenase) inhibitor		NDUFAF2	NADH:ubiquinone oxidoreductase complex assembly factor 2	2	Not yet recruiting	https://clinicaltrials.gov/study/NCT06459310
EFO_0022597	aging	CHEMBL1431	METFORMIN	Small molecule	Mitochondrial complex I (NADH dehydrogenase) inhibitor		NDUFB6	NADH:ubiquinone oxidoreductase subunit B6	2	Not yet recruiting	https://clinicaltrials.gov/study/NCT06459310
EFO_0022597	aging	CHEMBL1431	METFORMIN	Small molecule	Mitochondrial complex I (NADH dehydrogenase) inhibitor		NDUFV1	NADH:ubiquinone oxidoreductase core subunit V1	2	Not yet recruiting	https://clinicaltrials.gov/study/NCT06459310
EFO_0022597	aging	CHEMBL1431	METFORMIN	Small molecule	Mitochondrial complex I (NADH dehydrogenase) inhibitor		NDUFAF3	NADH:ubiquinone oxidoreductase complex assembly factor 3	2	Not yet recruiting	https://clinicaltrials.gov/study/NCT06459310
EFO_0022597	aging	CHEMBL1431	METFORMIN	Small molecule	Mitochondrial complex I (NADH dehydrogenase) inhibitor		NDUFA12	NADH:ubiquinone oxidoreductase subunit A12	2	Not yet recruiting	https://clinicaltrials.gov/study/NCT06459310
EFO_0022597	aging	CHEMBL1431	METFORMIN	Small molecule	Mitochondrial complex I (NADH dehydrogenase) inhibitor		NDUFA6	NADH:ubiquinone oxidoreductase subunit A6	2	Not yet recruiting	https://clinicaltrials.gov/study/NCT06459310
EFO_0022597	aging	CHEMBL1431	METFORMIN	Small molecule	Mitochondrial complex I (NADH dehydrogenase) inhibitor		COXFA4L2	cytochrome c oxidase hypoxia associated subunit FA4L2	2	Not yet recruiting	https://clinicaltrials.gov/study/NCT06459310
EFO_0022597	aging	CHEMBL1431	METFORMIN	Small molecule	Mitochondrial complex I (NADH dehydrogenase) inhibitor		NDUFA13	NADH:ubiquinone oxidoreductase subunit A13	2	Not yet recruiting	https://clinicaltrials.gov/study/NCT06459310
EFO_0022597	aging	CHEMBL1431	METFORMIN	Small molecule	Mitochondrial complex I (NADH dehydrogenase) inhibitor		COXFA4	cytochrome c oxidase associated subunit FA4	2	Not yet recruiting	https://clinicaltrials.gov/study/NCT06459310
EFO_0022597	aging	CHEMBL1431	METFORMIN	Small molecule	Mitochondrial complex I (NADH dehydrogenase) inhibitor		MT-ND6	mitochondrially encoded NADH:ubiquinone oxidoreductase core subunit 6	2	Not yet recruiting	https://clinicaltrials.gov/study/NCT06459310
EFO_0022597	aging	CHEMBL1431	METFORMIN	Small molecule	Mitochondrial complex I (NADH dehydrogenase) inhibitor		MT-ND3	mitochondrially encoded NADH:ubiquinone oxidoreductase core subunit 3	2	Not yet recruiting	https://clinicaltrials.gov/study/NCT06459310
EFO_0022597	aging	CHEMBL1431	METFORMIN	Small molecule	Mitochondrial complex I (NADH dehydrogenase) inhibitor		MT-ND4	mitochondrially encoded NADH:ubiquinone oxidoreductase core subunit 4	2	Not yet recruiting	https://clinicaltrials.gov/study/NCT06459310
EFO_0022597	aging	CHEMBL1431	METFORMIN	Small molecule	Mitochondrial complex I (NADH dehydrogenase) inhibitor		MT-ND1	mitochondrially encoded NADH:ubiquinone oxidoreductase core subunit 1	2	Not yet recruiting	https://clinicaltrials.gov/study/NCT06459310
EFO_0022597	aging	CHEMBL1431	METFORMIN	Small molecule	Mitochondrial complex I (NADH dehydrogenase) inhibitor		MT-ND4L	mitochondrially encoded NADH:ubiquinone oxidoreductase core subunit 4L	2	Not yet recruiting	https://clinicaltrials.gov/study/NCT06459310
EFO_0022597	aging	CHEMBL1431	METFORMIN	Small molecule	Mitochondrial complex I (NADH dehydrogenase) inhibitor		NDUFA7	NADH:ubiquinone oxidoreductase subunit A7	2	Not yet recruiting	https://clinicaltrials.gov/study/NCT06459310
EFO_0022597	aging	CHEMBL1566	ACARBOSE	Oligosaccharide	Pancreatic alpha-amylase inhibitor		AMY2A	amylase alpha 2A	2	Completed	https://clinicaltrials.gov/study/NCT02865499,https://clinicaltrials.gov/study/NCT02953093
EFO_0022597	aging	CHEMBL1703	METFORMIN HYDROCHLORIDE	Small molecule	Mitochondrial complex I (NADH dehydrogenase) inhibitor		NDUFAB1	NADH:ubiquinone oxidoreductase subunit AB1	2	Not yet recruiting	https://clinicaltrials.gov/study/NCT06459310
EFO_0022597	aging	CHEMBL1703	METFORMIN HYDROCHLORIDE	Small molecule	Mitochondrial complex I (NADH dehydrogenase) inhibitor		NDUFB4	NADH:ubiquinone oxidoreductase subunit B4	2	Not yet recruiting	https://clinicaltrials.gov/study/NCT06459310
EFO_0022597	aging	CHEMBL1703	METFORMIN HYDROCHLORIDE	Small molecule	Mitochondrial complex I (NADH dehydrogenase) inhibitor		NDUFB2	NADH:ubiquinone oxidoreductase subunit B2	2	Not yet recruiting	https://clinicaltrials.gov/study/NCT06459310
EFO_0022597	aging	CHEMBL1703	METFORMIN HYDROCHLORIDE	Small molecule	Mitochondrial complex I (NADH dehydrogenase) inhibitor		NDUFC1	NADH:ubiquinone oxidoreductase subunit C1	2	Not yet recruiting	https://clinicaltrials.gov/study/NCT06459310
EFO_0022597	aging	CHEMBL1703	METFORMIN HYDROCHLORIDE	Small molecule	Mitochondrial complex I (NADH dehydrogenase) inhibitor		NDUFS8	NADH:ubiquinone oxidoreductase core subunit S8	2	Not yet recruiting	https://clinicaltrials.gov/study/NCT06459310
EFO_0022597	aging	CHEMBL1703	METFORMIN HYDROCHLORIDE	Small molecule	Mitochondrial complex I (NADH dehydrogenase) inhibitor		NDUFS7	NADH:ubiquinone oxidoreductase core subunit S7	2	Not yet recruiting	https://clinicaltrials.gov/study/NCT06459310
EFO_0022597	aging	CHEMBL1703	METFORMIN HYDROCHLORIDE	Small molecule	Mitochondrial complex I (NADH dehydrogenase) inhibitor		NDUFA8	NADH:ubiquinone oxidoreductase subunit A8	2	Not yet recruiting	https://clinicaltrials.gov/study/NCT06459310
EFO_0022597	aging	CHEMBL1703	METFORMIN HYDROCHLORIDE	Small molecule	Mitochondrial complex I (NADH dehydrogenase) inhibitor		NDUFAF4	NADH:ubiquinone oxidoreductase complex assembly factor 4	2	Not yet recruiting	https://clinicaltrials.gov/study/NCT06459310
EFO_0022597	aging	CHEMBL1703	METFORMIN HYDROCHLORIDE	Small molecule	Mitochondrial complex I (NADH dehydrogenase) inhibitor		NDUFA1	NADH:ubiquinone oxidoreductase subunit A1	2	Not yet recruiting	https://clinicaltrials.gov/study/NCT06459310
EFO_0022597	aging	CHEMBL1703	METFORMIN HYDROCHLORIDE	Small molecule	Mitochondrial complex I (NADH dehydrogenase) inhibitor		NDUFA10	NADH:ubiquinone oxidoreductase subunit A10	2	Not yet recruiting	https://clinicaltrials.gov/study/NCT06459310
EFO_0022597	aging	CHEMBL1703	METFORMIN HYDROCHLORIDE	Small molecule	Mitochondrial complex I (NADH dehydrogenase) inhibitor		NDUFB5	NADH:ubiquinone oxidoreductase subunit B5	2	Not yet recruiting	https://clinicaltrials.gov/study/NCT06459310
EFO_0022597	aging	CHEMBL1703	METFORMIN HYDROCHLORIDE	Small molecule	Mitochondrial complex I (NADH dehydrogenase) inhibitor		NDUFAF1	NADH:ubiquinone oxidoreductase complex assembly factor 1	2	Not yet recruiting	https://clinicaltrials.gov/study/NCT06459310
EFO_0022597	aging	CHEMBL1703	METFORMIN HYDROCHLORIDE	Small molecule	Mitochondrial complex I (NADH dehydrogenase) inhibitor		NDUFB11	NADH:ubiquinone oxidoreductase subunit B11	2	Not yet recruiting	https://clinicaltrials.gov/study/NCT06459310
EFO_0022597	aging	CHEMBL1703	METFORMIN HYDROCHLORIDE	Small molecule	Mitochondrial complex I (NADH dehydrogenase) inhibitor		NDUFS4	NADH:ubiquinone oxidoreductase subunit S4	2	Not yet recruiting	https://clinicaltrials.gov/study/NCT06459310
EFO_0022597	aging	CHEMBL1703	METFORMIN HYDROCHLORIDE	Small molecule	Mitochondrial complex I (NADH dehydrogenase) inhibitor		NDUFB8	NADH:ubiquinone oxidoreductase subunit B8	2	Not yet recruiting	https://clinicaltrials.gov/study/NCT06459310
EFO_0022597	aging	CHEMBL1703	METFORMIN HYDROCHLORIDE	Small molecule	Mitochondrial complex I (NADH dehydrogenase) inhibitor		NDUFA3	NADH:ubiquinone oxidoreductase subunit A3	2	Not yet recruiting	https://clinicaltrials.gov/study/NCT06459310
EFO_0022597	aging	CHEMBL1703	METFORMIN HYDROCHLORIDE	Small molecule	Mitochondrial complex I (NADH dehydrogenase) inhibitor		NDUFB1	NADH:ubiquinone oxidoreductase subunit B1	2	Not yet recruiting	https://clinicaltrials.gov/study/NCT06459310
EFO_0022597	aging	CHEMBL1703	METFORMIN HYDROCHLORIDE	Small molecule	Mitochondrial complex I (NADH dehydrogenase) inhibitor		NDUFA12	NADH:ubiquinone oxidoreductase subunit A12	2	Not yet recruiting	https://clinicaltrials.gov/study/NCT06459310
EFO_0022597	aging	CHEMBL1703	METFORMIN HYDROCHLORIDE	Small molecule	Mitochondrial complex I (NADH dehydrogenase) inhibitor		COXFA4L2	cytochrome c oxidase hypoxia associated subunit FA4L2	2	Not yet recruiting	https://clinicaltrials.gov/study/NCT06459310
EFO_0022597	aging	CHEMBL1703	METFORMIN HYDROCHLORIDE	Small molecule	Mitochondrial complex I (NADH dehydrogenase) inhibitor		MT-ND6	mitochondrially encoded NADH:ubiquinone oxidoreductase core subunit 6	2	Not yet recruiting	https://clinicaltrials.gov/study/NCT06459310
EFO_0022597	aging	CHEMBL1703	METFORMIN HYDROCHLORIDE	Small molecule	Mitochondrial complex I (NADH dehydrogenase) inhibitor		MT-ND2	mitochondrially encoded NADH:ubiquinone oxidoreductase core subunit 2	2	Not yet recruiting	https://clinicaltrials.gov/study/NCT06459310
EFO_0022597	aging	CHEMBL1703	METFORMIN HYDROCHLORIDE	Small molecule	Mitochondrial complex I (NADH dehydrogenase) inhibitor		MT-ND5	mitochondrially encoded NADH:ubiquinone oxidoreductase core subunit 5	2	Not yet recruiting	https://clinicaltrials.gov/study/NCT06459310
EFO_0022597	aging	CHEMBL1703	METFORMIN HYDROCHLORIDE	Small molecule	Mitochondrial complex I (NADH dehydrogenase) inhibitor		MT-ND4	mitochondrially encoded NADH:ubiquinone oxidoreductase core subunit 4	2	Not yet recruiting	https://clinicaltrials.gov/study/NCT06459310
EFO_0022597	aging	CHEMBL395429	OXYTOCIN	Protein	Oxytocin receptor agonist		OXTR	oxytocin receptor	2	Withdrawn	https://clinicaltrials.gov/study/NCT02409862
EFO_0022597	aging	CHEMBL413	SIROLIMUS	Small molecule	FK506-binding protein 1A inhibitor		FKBP1A	FKBP prolyl isomerase 1A	2	Recruiting	https://clinicaltrials.gov/study/NCT04742777,https://clinicaltrials.gov/study/NCT05237687
EFO_0022597	aging	CHEMBL1200969	DUTASTERIDE	Small molecule	Steroid 5-alpha-reductase inhibitor		SRD5A1	steroid 5 alpha-reductase 1	1	Completed	https://clinicaltrials.gov/study/NCT00309855
EFO_0022597	aging	CHEMBL1200969	DUTASTERIDE	Small molecule	Steroid 5-alpha-reductase inhibitor		SRD5A2	steroid 5 alpha-reductase 2	1	Completed	https://clinicaltrials.gov/study/NCT00309855
EFO_0022597	aging	CHEMBL136478	SODIUM NITROPRUSSIDE	Small molecule	Soluble guanylate cyclase activator		GUCY1B1	guanylate cyclase 1 soluble subunit beta 1	1	Completed	https://clinicaltrials.gov/study/NCT00945256
EFO_0022597	aging	CHEMBL136478	SODIUM NITROPRUSSIDE	Small molecule	Soluble guanylate cyclase activator		GUCY1B2	guanylate cyclase 1 soluble subunit beta 2 (pseudogene)	1	Completed	https://clinicaltrials.gov/study/NCT00945256
EFO_0022597	aging	CHEMBL13817	IBUTAMOREN	Small molecule	Ghrelin receptor agonist		GHSR	growth hormone secretagogue receptor	1	Completed	https://clinicaltrials.gov/study/NCT00474279
EFO_0022597	aging	CHEMBL139	DICLOFENAC	Small molecule	Cyclooxygenase inhibitor		PTGS1	prostaglandin-endoperoxide synthase 1	1	Completed	https://clinicaltrials.gov/study/NCT03072485
EFO_0022597	aging	CHEMBL1399	ANASTROZOLE	Small molecule	Cytochrome P450 19A1 inhibitor		CYP19A1	cytochrome P450 family 19 subfamily A member 1	1	Completed	https://clinicaltrials.gov/study/NCT00309855
EFO_0022597	aging	CHEMBL1421	DASATINIB	Small molecule	SRC inhibitor		FYN	FYN proto-oncogene, Src family tyrosine kinase	1	Completed	https://clinicaltrials.gov/study/NCT05422885
EFO_0022597	aging	CHEMBL1421	DASATINIB	Small molecule	Platelet-derived growth factor receptor beta inhibitor		PDGFRB	platelet derived growth factor receptor beta	1	Completed	https://clinicaltrials.gov/study/NCT05422885
EFO_0022597	aging	CHEMBL1421	DASATINIB	Small molecule	SRC inhibitor		BLK	BLK proto-oncogene, Src family tyrosine kinase	1	Completed	https://clinicaltrials.gov/study/NCT05422885
EFO_0022597	aging	CHEMBL1421	DASATINIB	Small molecule	SRC inhibitor		LCK	LCK proto-oncogene, Src family tyrosine kinase	1	Completed	https://clinicaltrials.gov/study/NCT05422885
EFO_0022597	aging	CHEMBL1421	DASATINIB	Small molecule	Bcr/Abl fusion protein		BCR	BCR activator of RhoGEF and GTPase	1	Completed	https://clinicaltrials.gov/study/NCT05422885
EFO_0022597	aging	CHEMBL1421	DASATINIB	Small molecule	SRC inhibitor		SRC	SRC proto-oncogene, non-receptor tyrosine kinase	1	Completed	https://clinicaltrials.gov/study/NCT05422885
EFO_0022597	aging	CHEMBL1421	DASATINIB	Small molecule	SRC inhibitor		LYN	LYN proto-oncogene, Src family tyrosine kinase	1	Completed	https://clinicaltrials.gov/study/NCT05422885
EFO_0022597	aging	CHEMBL1431	METFORMIN	Small molecule	Mitochondrial complex I (NADH dehydrogenase) inhibitor		NDUFS1	NADH:ubiquinone oxidoreductase core subunit S1	1	Completed	https://clinicaltrials.gov/study/NCT03072485
EFO_0022597	aging	CHEMBL1431	METFORMIN	Small molecule	Mitochondrial complex I (NADH dehydrogenase) inhibitor		NDUFB4	NADH:ubiquinone oxidoreductase subunit B4	1	Completed	https://clinicaltrials.gov/study/NCT03072485
EFO_0022597	aging	CHEMBL1431	METFORMIN	Small molecule	Mitochondrial complex I (NADH dehydrogenase) inhibitor		NDUFB7	NADH:ubiquinone oxidoreductase subunit B7	1	Completed	https://clinicaltrials.gov/study/NCT03072485
EFO_0022597	aging	CHEMBL1431	METFORMIN	Small molecule	Mitochondrial complex I (NADH dehydrogenase) inhibitor		NDUFB3	NADH:ubiquinone oxidoreductase subunit B3	1	Completed	https://clinicaltrials.gov/study/NCT03072485
EFO_0022597	aging	CHEMBL1431	METFORMIN	Small molecule	Mitochondrial complex I (NADH dehydrogenase) inhibitor		NDUFA8	NADH:ubiquinone oxidoreductase subunit A8	1	Completed	https://clinicaltrials.gov/study/NCT03072485
EFO_0022597	aging	CHEMBL1431	METFORMIN	Small molecule	Mitochondrial complex I (NADH dehydrogenase) inhibitor		NDUFAF4	NADH:ubiquinone oxidoreductase complex assembly factor 4	1	Completed	https://clinicaltrials.gov/study/NCT03072485
EFO_0022597	aging	CHEMBL1431	METFORMIN	Small molecule	Mitochondrial complex I (NADH dehydrogenase) inhibitor		NDUFA1	NADH:ubiquinone oxidoreductase subunit A1	1	Completed	https://clinicaltrials.gov/study/NCT03072485
EFO_0022597	aging	CHEMBL1431	METFORMIN	Small molecule	Mitochondrial complex I (NADH dehydrogenase) inhibitor		NDUFA5	NADH:ubiquinone oxidoreductase subunit A5	1	Completed	https://clinicaltrials.gov/study/NCT03072485
EFO_0022597	aging	CHEMBL1431	METFORMIN	Small molecule	Mitochondrial complex I (NADH dehydrogenase) inhibitor		NDUFA2	NADH:ubiquinone oxidoreductase subunit A2	1	Completed	https://clinicaltrials.gov/study/NCT03072485
EFO_0022597	aging	CHEMBL1431	METFORMIN	Small molecule	Mitochondrial complex I (NADH dehydrogenase) inhibitor		NDUFB5	NADH:ubiquinone oxidoreductase subunit B5	1	Completed	https://clinicaltrials.gov/study/NCT03072485
EFO_0022597	aging	CHEMBL1431	METFORMIN	Small molecule	Mitochondrial complex I (NADH dehydrogenase) inhibitor		NDUFAF1	NADH:ubiquinone oxidoreductase complex assembly factor 1	1	Completed	https://clinicaltrials.gov/study/NCT03072485
EFO_0022597	aging	CHEMBL1431	METFORMIN	Small molecule	Mitochondrial complex I (NADH dehydrogenase) inhibitor		NDUFB10	NADH:ubiquinone oxidoreductase subunit B10	1	Completed	https://clinicaltrials.gov/study/NCT03072485
EFO_0022597	aging	CHEMBL1431	METFORMIN	Small molecule	Mitochondrial complex I (NADH dehydrogenase) inhibitor		NDUFB11	NADH:ubiquinone oxidoreductase subunit B11	1	Completed	https://clinicaltrials.gov/study/NCT03072485
EFO_0022597	aging	CHEMBL1431	METFORMIN	Small molecule	Mitochondrial complex I (NADH dehydrogenase) inhibitor		NDUFB9	NADH:ubiquinone oxidoreductase subunit B9	1	Completed	https://clinicaltrials.gov/study/NCT03072485
EFO_0022597	aging	CHEMBL1431	METFORMIN	Small molecule	Mitochondrial complex I (NADH dehydrogenase) inhibitor		NDUFC2	NADH:ubiquinone oxidoreductase subunit C2	1	Completed	https://clinicaltrials.gov/study/NCT03072485
EFO_0022597	aging	CHEMBL1431	METFORMIN	Small molecule	Mitochondrial complex I (NADH dehydrogenase) inhibitor		NDUFS2	NADH:ubiquinone oxidoreductase core subunit S2	1	Completed	https://clinicaltrials.gov/study/NCT03072485
EFO_0022597	aging	CHEMBL1431	METFORMIN	Small molecule	Mitochondrial complex I (NADH dehydrogenase) inhibitor		NDUFAF2	NADH:ubiquinone oxidoreductase complex assembly factor 2	1	Completed	https://clinicaltrials.gov/study/NCT03072485
EFO_0022597	aging	CHEMBL1431	METFORMIN	Small molecule	Mitochondrial complex I (NADH dehydrogenase) inhibitor		NDUFS4	NADH:ubiquinone oxidoreductase subunit S4	1	Completed	https://clinicaltrials.gov/study/NCT03072485
EFO_0022597	aging	CHEMBL1431	METFORMIN	Small molecule	Mitochondrial complex I (NADH dehydrogenase) inhibitor		NDUFB6	NADH:ubiquinone oxidoreductase subunit B6	1	Completed	https://clinicaltrials.gov/study/NCT03072485
EFO_0022597	aging	CHEMBL1431	METFORMIN	Small molecule	Mitochondrial complex I (NADH dehydrogenase) inhibitor		NDUFB8	NADH:ubiquinone oxidoreductase subunit B8	1	Completed	https://clinicaltrials.gov/study/NCT03072485
EFO_0022597	aging	CHEMBL1431	METFORMIN	Small molecule	Mitochondrial complex I (NADH dehydrogenase) inhibitor		NDUFV1	NADH:ubiquinone oxidoreductase core subunit V1	1	Completed	https://clinicaltrials.gov/study/NCT03072485
EFO_0022597	aging	CHEMBL1431	METFORMIN	Small molecule	Mitochondrial complex I (NADH dehydrogenase) inhibitor		NDUFA3	NADH:ubiquinone oxidoreductase subunit A3	1	Completed	https://clinicaltrials.gov/study/NCT03072485
EFO_0022597	aging	CHEMBL1431	METFORMIN	Small molecule	Mitochondrial complex I (NADH dehydrogenase) inhibitor		NDUFAF3	NADH:ubiquinone oxidoreductase complex assembly factor 3	1	Completed	https://clinicaltrials.gov/study/NCT03072485
EFO_0022597	aging	CHEMBL1431	METFORMIN	Small molecule	Mitochondrial complex I (NADH dehydrogenase) inhibitor		NDUFA12	NADH:ubiquinone oxidoreductase subunit A12	1	Completed	https://clinicaltrials.gov/study/NCT03072485
EFO_0022597	aging	CHEMBL1431	METFORMIN	Small molecule	Mitochondrial complex I (NADH dehydrogenase) inhibitor		NDUFA13	NADH:ubiquinone oxidoreductase subunit A13	1	Completed	https://clinicaltrials.gov/study/NCT03072485
EFO_0022597	aging	CHEMBL1431	METFORMIN	Small molecule	Mitochondrial complex I (NADH dehydrogenase) inhibitor		MT-ND6	mitochondrially encoded NADH:ubiquinone oxidoreductase core subunit 6	1	Completed	https://clinicaltrials.gov/study/NCT03072485
EFO_0022597	aging	CHEMBL1431	METFORMIN	Small molecule	Mitochondrial complex I (NADH dehydrogenase) inhibitor		MT-ND3	mitochondrially encoded NADH:ubiquinone oxidoreductase core subunit 3	1	Completed	https://clinicaltrials.gov/study/NCT03072485
EFO_0022597	aging	CHEMBL1431	METFORMIN	Small molecule	Mitochondrial complex I (NADH dehydrogenase) inhibitor		MT-ND4	mitochondrially encoded NADH:ubiquinone oxidoreductase core subunit 4	1	Completed	https://clinicaltrials.gov/study/NCT03072485
EFO_0022597	aging	CHEMBL1431	METFORMIN	Small molecule	Mitochondrial complex I (NADH dehydrogenase) inhibitor		MT-ND4L	mitochondrially encoded NADH:ubiquinone oxidoreductase core subunit 4L	1	Completed	https://clinicaltrials.gov/study/NCT03072485
EFO_0022597	aging	CHEMBL1431	METFORMIN	Small molecule	Mitochondrial complex I (NADH dehydrogenase) inhibitor		NDUFS3	NADH:ubiquinone oxidoreductase core subunit S3	1	Completed	https://clinicaltrials.gov/study/NCT03072485
EFO_0022597	aging	CHEMBL1431	METFORMIN	Small molecule	Mitochondrial complex I (NADH dehydrogenase) inhibitor		NDUFB4	NADH:ubiquinone oxidoreductase subunit B4	1	Suspended	https://clinicaltrials.gov/study/NCT03713801
EFO_0022597	aging	CHEMBL1431	METFORMIN	Small molecule	Mitochondrial complex I (NADH dehydrogenase) inhibitor		NDUFB7	NADH:ubiquinone oxidoreductase subunit B7	1	Suspended	https://clinicaltrials.gov/study/NCT03713801
EFO_0022597	aging	CHEMBL1431	METFORMIN	Small molecule	Mitochondrial complex I (NADH dehydrogenase) inhibitor		NDUFC1	NADH:ubiquinone oxidoreductase subunit C1	1	Suspended	https://clinicaltrials.gov/study/NCT03713801
EFO_0022597	aging	CHEMBL1431	METFORMIN	Small molecule	Mitochondrial complex I (NADH dehydrogenase) inhibitor		NDUFS8	NADH:ubiquinone oxidoreductase core subunit S8	1	Suspended	https://clinicaltrials.gov/study/NCT03713801
EFO_0022597	aging	CHEMBL1431	METFORMIN	Small molecule	Mitochondrial glycerol-3-phosphate dehydrogenase inhibitor		GPD2	glycerol-3-phosphate dehydrogenase 2	1	Suspended	https://clinicaltrials.gov/study/NCT03713801
EFO_0022597	aging	CHEMBL1431	METFORMIN	Small molecule	Mitochondrial complex I (NADH dehydrogenase) inhibitor		NDUFS7	NADH:ubiquinone oxidoreductase core subunit S7	1	Suspended	https://clinicaltrials.gov/study/NCT03713801
EFO_0022597	aging	CHEMBL1431	METFORMIN	Small molecule	Mitochondrial complex I (NADH dehydrogenase) inhibitor		NDUFAF4	NADH:ubiquinone oxidoreductase complex assembly factor 4	1	Suspended	https://clinicaltrials.gov/study/NCT03713801
EFO_0022597	aging	CHEMBL1431	METFORMIN	Small molecule	Mitochondrial complex I (NADH dehydrogenase) inhibitor		NDUFA1	NADH:ubiquinone oxidoreductase subunit A1	1	Suspended	https://clinicaltrials.gov/study/NCT03713801
EFO_0022597	aging	CHEMBL1431	METFORMIN	Small molecule	Mitochondrial complex I (NADH dehydrogenase) inhibitor		NDUFA5	NADH:ubiquinone oxidoreductase subunit A5	1	Suspended	https://clinicaltrials.gov/study/NCT03713801
EFO_0022597	aging	CHEMBL1431	METFORMIN	Small molecule	Mitochondrial complex I (NADH dehydrogenase) inhibitor		NDUFB5	NADH:ubiquinone oxidoreductase subunit B5	1	Suspended	https://clinicaltrials.gov/study/NCT03713801
EFO_0022597	aging	CHEMBL1431	METFORMIN	Small molecule	Mitochondrial complex I (NADH dehydrogenase) inhibitor		NDUFAF1	NADH:ubiquinone oxidoreductase complex assembly factor 1	1	Suspended	https://clinicaltrials.gov/study/NCT03713801
EFO_0022597	aging	CHEMBL1431	METFORMIN	Small molecule	Mitochondrial complex I (NADH dehydrogenase) inhibitor		NDUFB10	NADH:ubiquinone oxidoreductase subunit B10	1	Suspended	https://clinicaltrials.gov/study/NCT03713801
EFO_0022597	aging	CHEMBL1431	METFORMIN	Small molecule	Mitochondrial complex I (NADH dehydrogenase) inhibitor		NDUFS6	NADH:ubiquinone oxidoreductase subunit S6	1	Suspended	https://clinicaltrials.gov/study/NCT03713801
EFO_0022597	aging	CHEMBL1431	METFORMIN	Small molecule	Mitochondrial complex I (NADH dehydrogenase) inhibitor		NDUFB11	NADH:ubiquinone oxidoreductase subunit B11	1	Suspended	https://clinicaltrials.gov/study/NCT03713801
EFO_0022597	aging	CHEMBL1431	METFORMIN	Small molecule	Mitochondrial complex I (NADH dehydrogenase) inhibitor		NDUFB9	NADH:ubiquinone oxidoreductase subunit B9	1	Suspended	https://clinicaltrials.gov/study/NCT03713801
EFO_0022597	aging	CHEMBL1431	METFORMIN	Small molecule	Mitochondrial complex I (NADH dehydrogenase) inhibitor		NDUFC2	NADH:ubiquinone oxidoreductase subunit C2	1	Suspended	https://clinicaltrials.gov/study/NCT03713801
EFO_0022597	aging	CHEMBL1431	METFORMIN	Small molecule	Mitochondrial complex I (NADH dehydrogenase) inhibitor		NDUFV3	NADH:ubiquinone oxidoreductase subunit V3	1	Suspended	https://clinicaltrials.gov/study/NCT03713801
EFO_0022597	aging	CHEMBL1431	METFORMIN	Small molecule	Mitochondrial complex I (NADH dehydrogenase) inhibitor		NDUFS4	NADH:ubiquinone oxidoreductase subunit S4	1	Suspended	https://clinicaltrials.gov/study/NCT03713801
EFO_0022597	aging	CHEMBL1431	METFORMIN	Small molecule	Mitochondrial complex I (NADH dehydrogenase) inhibitor		NDUFB6	NADH:ubiquinone oxidoreductase subunit B6	1	Suspended	https://clinicaltrials.gov/study/NCT03713801
EFO_0022597	aging	CHEMBL1431	METFORMIN	Small molecule	Mitochondrial complex I (NADH dehydrogenase) inhibitor		NDUFV1	NADH:ubiquinone oxidoreductase core subunit V1	1	Suspended	https://clinicaltrials.gov/study/NCT03713801
EFO_0022597	aging	CHEMBL1431	METFORMIN	Small molecule	Mitochondrial complex I (NADH dehydrogenase) inhibitor		NDUFS5	NADH:ubiquinone oxidoreductase subunit S5	1	Suspended	https://clinicaltrials.gov/study/NCT03713801
EFO_0022597	aging	CHEMBL1431	METFORMIN	Small molecule	Mitochondrial complex I (NADH dehydrogenase) inhibitor		NDUFA3	NADH:ubiquinone oxidoreductase subunit A3	1	Suspended	https://clinicaltrials.gov/study/NCT03713801
EFO_0022597	aging	CHEMBL1431	METFORMIN	Small molecule	Mitochondrial complex I (NADH dehydrogenase) inhibitor		NDUFA11	NADH:ubiquinone oxidoreductase subunit A11	1	Suspended	https://clinicaltrials.gov/study/NCT03713801
EFO_0022597	aging	CHEMBL1431	METFORMIN	Small molecule	Mitochondrial complex I (NADH dehydrogenase) inhibitor		NDUFV2	NADH:ubiquinone oxidoreductase core subunit V2	1	Suspended	https://clinicaltrials.gov/study/NCT03713801
EFO_0022597	aging	CHEMBL1431	METFORMIN	Small molecule	Mitochondrial complex I (NADH dehydrogenase) inhibitor		NDUFB1	NADH:ubiquinone oxidoreductase subunit B1	1	Suspended	https://clinicaltrials.gov/study/NCT03713801
EFO_0022597	aging	CHEMBL1431	METFORMIN	Small molecule	Mitochondrial complex I (NADH dehydrogenase) inhibitor		MT-ND2	mitochondrially encoded NADH:ubiquinone oxidoreductase core subunit 2	1	Suspended	https://clinicaltrials.gov/study/NCT03713801
EFO_0022597	aging	CHEMBL1431	METFORMIN	Small molecule	Mitochondrial complex I (NADH dehydrogenase) inhibitor		MT-ND5	mitochondrially encoded NADH:ubiquinone oxidoreductase core subunit 5	1	Suspended	https://clinicaltrials.gov/study/NCT03713801
EFO_0022597	aging	CHEMBL1431	METFORMIN	Small molecule	Mitochondrial complex I (NADH dehydrogenase) inhibitor		MT-ND4	mitochondrially encoded NADH:ubiquinone oxidoreductase core subunit 4	1	Suspended	https://clinicaltrials.gov/study/NCT03713801
EFO_0022597	aging	CHEMBL1431	METFORMIN	Small molecule	Mitochondrial complex I (NADH dehydrogenase) inhibitor		MT-ND4L	mitochondrially encoded NADH:ubiquinone oxidoreductase core subunit 4L	1	Suspended	https://clinicaltrials.gov/study/NCT03713801
EFO_0022597	aging	CHEMBL1431	METFORMIN	Small molecule	Mitochondrial complex I (NADH dehydrogenase) inhibitor		NDUFA7	NADH:ubiquinone oxidoreductase subunit A7	1	Suspended	https://clinicaltrials.gov/study/NCT03713801
EFO_0022597	aging	CHEMBL1908360	EVEROLIMUS	Small molecule	FK506-binding protein 1A inhibitor		FKBP1A	FKBP prolyl isomerase 1A	1	Recruiting	https://clinicaltrials.gov/study/NCT05949658
EFO_0022597	aging	CHEMBL194378	PSILOCYBINE	Small molecule	Serotonin 2a (5-HT2a) receptor agonist		HTR2A	5-hydroxytryptamine receptor 2A	1	Not yet recruiting	https://clinicaltrials.gov/study/NCT06367738
EFO_0022597	aging	CHEMBL2097081	NITROPRUSSIDE	Small molecule	Soluble guanylate cyclase activator		GUCY1B2	guanylate cyclase 1 soluble subunit beta 2 (pseudogene)	1	Completed	https://clinicaltrials.gov/study/NCT00945256
EFO_0022597	aging	CHEMBL267936	MECAMYLAMINE	Small molecule	Neuronal acetylcholine receptor; alpha3/beta4 negative allosteric modulator		CHRNA3	cholinergic receptor nicotinic alpha 3 subunit	1	Completed	https://clinicaltrials.gov/study/NCT03408574
EFO_0022597	aging	CHEMBL267936	MECAMYLAMINE	Small molecule	Neuronal acetylcholine receptor; alpha3/beta4 negative allosteric modulator		CHRNB4	cholinergic receptor nicotinic beta 4 subunit	1	Completed	https://clinicaltrials.gov/study/NCT03408574
EFO_0022597	aging	CHEMBL3	NICOTINE	Small molecule	Neuronal acetylcholine receptor; alpha4/beta2 agonist		CHRNA4	cholinergic receptor nicotinic alpha 4 subunit	1	Completed	https://clinicaltrials.gov/study/NCT03408574
EFO_0022597	aging	CHEMBL3	NICOTINE	Small molecule	Neuronal acetylcholine receptor; alpha4/beta2 agonist		CHRNB2	cholinergic receptor nicotinic beta 2 subunit	1	Completed	https://clinicaltrials.gov/study/NCT03408574
EFO_0022597	aging	CHEMBL386630	TESTOSTERONE	Small molecule	Androgen Receptor agonist		AR	androgen receptor	1	Active, not recruiting	https://clinicaltrials.gov/study/NCT02990533
EFO_0022597	aging	CHEMBL413	SIROLIMUS	Small molecule	FK506-binding protein 1A inhibitor		FKBP1A	FKBP prolyl isomerase 1A	1	Completed	https://clinicaltrials.gov/study/NCT03072485
EFO_0022597	aging	CHEMBL413	SIROLIMUS	Small molecule	FK506-binding protein 1A inhibitor		FKBP1A	FKBP prolyl isomerase 1A	1	Recruiting	https://clinicaltrials.gov/study/NCT05949658
EFO_0022597	aging	CHEMBL1200969	DUTASTERIDE	Small molecule	Steroid 5-alpha-reductase inhibitor		SRD5A3	steroid 5 alpha-reductase 3	1	Completed	https://clinicaltrials.gov/study/NCT00309855
EFO_0022597	aging	CHEMBL139	DICLOFENAC	Small molecule	Cyclooxygenase inhibitor		PTGS2	prostaglandin-endoperoxide synthase 2	1	Completed	https://clinicaltrials.gov/study/NCT03072485
EFO_0022597	aging	CHEMBL1421	DASATINIB	Small molecule	SRC inhibitor		FGR	FGR proto-oncogene, Src family tyrosine kinase	1	Completed	https://clinicaltrials.gov/study/NCT05422885
EFO_0022597	aging	CHEMBL1421	DASATINIB	Small molecule	Tyrosine-protein kinase ABL inhibitor		ABL1	ABL proto-oncogene 1, non-receptor tyrosine kinase	1	Completed	https://clinicaltrials.gov/study/NCT05422885
EFO_0022597	aging	CHEMBL1421	DASATINIB	Small molecule	SRC inhibitor		HCK	HCK proto-oncogene, Src family tyrosine kinase	1	Completed	https://clinicaltrials.gov/study/NCT05422885
EFO_0022597	aging	CHEMBL1421	DASATINIB	Small molecule	SRC inhibitor		FRK	fyn related Src family tyrosine kinase	1	Completed	https://clinicaltrials.gov/study/NCT05422885
EFO_0022597	aging	CHEMBL1421	DASATINIB	Small molecule	SRC inhibitor		SRMS	src-related kinase lacking C-terminal regulatory tyrosine and N-terminal myristylation sites	1	Completed	https://clinicaltrials.gov/study/NCT05422885
EFO_0022597	aging	CHEMBL1421	DASATINIB	Small molecule	Ephrin type-A receptor 2 inhibitor		EPHA2	EPH receptor A2	1	Completed	https://clinicaltrials.gov/study/NCT05422885
EFO_0022597	aging	CHEMBL1421	DASATINIB	Small molecule	Stem cell growth factor receptor inhibitor		KIT	KIT proto-oncogene, receptor tyrosine kinase	1	Completed	https://clinicaltrials.gov/study/NCT05422885
EFO_0022597	aging	CHEMBL1421	DASATINIB	Small molecule	SRC inhibitor		YES1	YES proto-oncogene 1, Src family tyrosine kinase	1	Completed	https://clinicaltrials.gov/study/NCT05422885
EFO_0022597	aging	CHEMBL1431	METFORMIN	Small molecule	Mitochondrial complex I (NADH dehydrogenase) inhibitor		NDUFAB1	NADH:ubiquinone oxidoreductase subunit AB1	1	Completed	https://clinicaltrials.gov/study/NCT03072485
EFO_0022597	aging	CHEMBL1431	METFORMIN	Small molecule	Mitochondrial complex I (NADH dehydrogenase) inhibitor		NDUFB2	NADH:ubiquinone oxidoreductase subunit B2	1	Completed	https://clinicaltrials.gov/study/NCT03072485
EFO_0022597	aging	CHEMBL1431	METFORMIN	Small molecule	Mitochondrial complex I (NADH dehydrogenase) inhibitor		NDUFC1	NADH:ubiquinone oxidoreductase subunit C1	1	Completed	https://clinicaltrials.gov/study/NCT03072485
EFO_0022597	aging	CHEMBL1431	METFORMIN	Small molecule	Mitochondrial complex I (NADH dehydrogenase) inhibitor		NDUFS8	NADH:ubiquinone oxidoreductase core subunit S8	1	Completed	https://clinicaltrials.gov/study/NCT03072485
EFO_0022597	aging	CHEMBL1431	METFORMIN	Small molecule	Mitochondrial glycerol-3-phosphate dehydrogenase inhibitor		GPD2	glycerol-3-phosphate dehydrogenase 2	1	Completed	https://clinicaltrials.gov/study/NCT03072485
EFO_0022597	aging	CHEMBL1431	METFORMIN	Small molecule	Mitochondrial complex I (NADH dehydrogenase) inhibitor		NDUFS7	NADH:ubiquinone oxidoreductase core subunit S7	1	Completed	https://clinicaltrials.gov/study/NCT03072485
EFO_0022597	aging	CHEMBL1431	METFORMIN	Small molecule	Mitochondrial complex I (NADH dehydrogenase) inhibitor		NDUFA10	NADH:ubiquinone oxidoreductase subunit A10	1	Completed	https://clinicaltrials.gov/study/NCT03072485
EFO_0022597	aging	CHEMBL1431	METFORMIN	Small molecule	Mitochondrial complex I (NADH dehydrogenase) inhibitor		NDUFA9	NADH:ubiquinone oxidoreductase subunit A9	1	Completed	https://clinicaltrials.gov/study/NCT03072485
EFO_0022597	aging	CHEMBL1431	METFORMIN	Small molecule	Mitochondrial complex I (NADH dehydrogenase) inhibitor		NDUFS6	NADH:ubiquinone oxidoreductase subunit S6	1	Completed	https://clinicaltrials.gov/study/NCT03072485
EFO_0022597	aging	CHEMBL1431	METFORMIN	Small molecule	Mitochondrial complex I (NADH dehydrogenase) inhibitor		NDUFV3	NADH:ubiquinone oxidoreductase subunit V3	1	Completed	https://clinicaltrials.gov/study/NCT03072485
EFO_0022597	aging	CHEMBL1431	METFORMIN	Small molecule	Mitochondrial complex I (NADH dehydrogenase) inhibitor		NDUFS5	NADH:ubiquinone oxidoreductase subunit S5	1	Completed	https://clinicaltrials.gov/study/NCT03072485
EFO_0022597	aging	CHEMBL1431	METFORMIN	Small molecule	Mitochondrial complex I (NADH dehydrogenase) inhibitor		NDUFA11	NADH:ubiquinone oxidoreductase subunit A11	1	Completed	https://clinicaltrials.gov/study/NCT03072485
EFO_0022597	aging	CHEMBL1431	METFORMIN	Small molecule	Mitochondrial complex I (NADH dehydrogenase) inhibitor		NDUFV2	NADH:ubiquinone oxidoreductase core subunit V2	1	Completed	https://clinicaltrials.gov/study/NCT03072485
EFO_0022597	aging	CHEMBL1431	METFORMIN	Small molecule	Mitochondrial complex I (NADH dehydrogenase) inhibitor		NDUFB1	NADH:ubiquinone oxidoreductase subunit B1	1	Completed	https://clinicaltrials.gov/study/NCT03072485
EFO_0022597	aging	CHEMBL1431	METFORMIN	Small molecule	Mitochondrial complex I (NADH dehydrogenase) inhibitor		NDUFA6	NADH:ubiquinone oxidoreductase subunit A6	1	Completed	https://clinicaltrials.gov/study/NCT03072485
EFO_0022597	aging	CHEMBL1431	METFORMIN	Small molecule	Mitochondrial complex I (NADH dehydrogenase) inhibitor		COXFA4L2	cytochrome c oxidase hypoxia associated subunit FA4L2	1	Completed	https://clinicaltrials.gov/study/NCT03072485
EFO_0022597	aging	CHEMBL1431	METFORMIN	Small molecule	Mitochondrial complex I (NADH dehydrogenase) inhibitor		COXFA4	cytochrome c oxidase associated subunit FA4	1	Completed	https://clinicaltrials.gov/study/NCT03072485
EFO_0022597	aging	CHEMBL1431	METFORMIN	Small molecule	Mitochondrial complex I (NADH dehydrogenase) inhibitor		MT-ND2	mitochondrially encoded NADH:ubiquinone oxidoreductase core subunit 2	1	Completed	https://clinicaltrials.gov/study/NCT03072485
EFO_0022597	aging	CHEMBL1431	METFORMIN	Small molecule	Mitochondrial complex I (NADH dehydrogenase) inhibitor		MT-ND5	mitochondrially encoded NADH:ubiquinone oxidoreductase core subunit 5	1	Completed	https://clinicaltrials.gov/study/NCT03072485
EFO_0022597	aging	CHEMBL1431	METFORMIN	Small molecule	Mitochondrial complex I (NADH dehydrogenase) inhibitor		MT-ND1	mitochondrially encoded NADH:ubiquinone oxidoreductase core subunit 1	1	Completed	https://clinicaltrials.gov/study/NCT03072485
EFO_0022597	aging	CHEMBL1431	METFORMIN	Small molecule	Mitochondrial complex I (NADH dehydrogenase) inhibitor		NDUFA7	NADH:ubiquinone oxidoreductase subunit A7	1	Completed	https://clinicaltrials.gov/study/NCT03072485
EFO_0022597	aging	CHEMBL1431	METFORMIN	Small molecule	Mitochondrial complex I (NADH dehydrogenase) inhibitor		NDUFAB1	NADH:ubiquinone oxidoreductase subunit AB1	1	Suspended	https://clinicaltrials.gov/study/NCT03713801
EFO_0022597	aging	CHEMBL1431	METFORMIN	Small molecule	Mitochondrial complex I (NADH dehydrogenase) inhibitor		NDUFS1	NADH:ubiquinone oxidoreductase core subunit S1	1	Suspended	https://clinicaltrials.gov/study/NCT03713801
EFO_0022597	aging	CHEMBL1431	METFORMIN	Small molecule	Mitochondrial complex I (NADH dehydrogenase) inhibitor		NDUFB2	NADH:ubiquinone oxidoreductase subunit B2	1	Suspended	https://clinicaltrials.gov/study/NCT03713801
EFO_0022597	aging	CHEMBL1431	METFORMIN	Small molecule	Mitochondrial complex I (NADH dehydrogenase) inhibitor		NDUFB3	NADH:ubiquinone oxidoreductase subunit B3	1	Suspended	https://clinicaltrials.gov/study/NCT03713801
EFO_0022597	aging	CHEMBL1431	METFORMIN	Small molecule	Mitochondrial complex I (NADH dehydrogenase) inhibitor		NDUFA8	NADH:ubiquinone oxidoreductase subunit A8	1	Suspended	https://clinicaltrials.gov/study/NCT03713801
EFO_0022597	aging	CHEMBL1431	METFORMIN	Small molecule	Mitochondrial complex I (NADH dehydrogenase) inhibitor		NDUFA10	NADH:ubiquinone oxidoreductase subunit A10	1	Suspended	https://clinicaltrials.gov/study/NCT03713801
EFO_0022597	aging	CHEMBL1431	METFORMIN	Small molecule	Mitochondrial complex I (NADH dehydrogenase) inhibitor		NDUFA2	NADH:ubiquinone oxidoreductase subunit A2	1	Suspended	https://clinicaltrials.gov/study/NCT03713801
EFO_0022597	aging	CHEMBL1431	METFORMIN	Small molecule	Mitochondrial complex I (NADH dehydrogenase) inhibitor		NDUFA9	NADH:ubiquinone oxidoreductase subunit A9	1	Suspended	https://clinicaltrials.gov/study/NCT03713801
EFO_0022597	aging	CHEMBL1431	METFORMIN	Small molecule	Mitochondrial complex I (NADH dehydrogenase) inhibitor		NDUFS2	NADH:ubiquinone oxidoreductase core subunit S2	1	Suspended	https://clinicaltrials.gov/study/NCT03713801
EFO_0022597	aging	CHEMBL1431	METFORMIN	Small molecule	Mitochondrial complex I (NADH dehydrogenase) inhibitor		NDUFAF2	NADH:ubiquinone oxidoreductase complex assembly factor 2	1	Suspended	https://clinicaltrials.gov/study/NCT03713801
EFO_0022597	aging	CHEMBL1431	METFORMIN	Small molecule	Mitochondrial complex I (NADH dehydrogenase) inhibitor		NDUFB8	NADH:ubiquinone oxidoreductase subunit B8	1	Suspended	https://clinicaltrials.gov/study/NCT03713801
EFO_0022597	aging	CHEMBL1431	METFORMIN	Small molecule	Mitochondrial complex I (NADH dehydrogenase) inhibitor		NDUFAF3	NADH:ubiquinone oxidoreductase complex assembly factor 3	1	Suspended	https://clinicaltrials.gov/study/NCT03713801
EFO_0022597	aging	CHEMBL1431	METFORMIN	Small molecule	Mitochondrial complex I (NADH dehydrogenase) inhibitor		NDUFA12	NADH:ubiquinone oxidoreductase subunit A12	1	Suspended	https://clinicaltrials.gov/study/NCT03713801
EFO_0022597	aging	CHEMBL1431	METFORMIN	Small molecule	Mitochondrial complex I (NADH dehydrogenase) inhibitor		NDUFA6	NADH:ubiquinone oxidoreductase subunit A6	1	Suspended	https://clinicaltrials.gov/study/NCT03713801
EFO_0022597	aging	CHEMBL1431	METFORMIN	Small molecule	Mitochondrial complex I (NADH dehydrogenase) inhibitor		COXFA4L2	cytochrome c oxidase hypoxia associated subunit FA4L2	1	Suspended	https://clinicaltrials.gov/study/NCT03713801
EFO_0022597	aging	CHEMBL1431	METFORMIN	Small molecule	Mitochondrial complex I (NADH dehydrogenase) inhibitor		NDUFA13	NADH:ubiquinone oxidoreductase subunit A13	1	Suspended	https://clinicaltrials.gov/study/NCT03713801
EFO_0022597	aging	CHEMBL1431	METFORMIN	Small molecule	Mitochondrial complex I (NADH dehydrogenase) inhibitor		COXFA4	cytochrome c oxidase associated subunit FA4	1	Suspended	https://clinicaltrials.gov/study/NCT03713801
EFO_0022597	aging	CHEMBL1431	METFORMIN	Small molecule	Mitochondrial complex I (NADH dehydrogenase) inhibitor		MT-ND6	mitochondrially encoded NADH:ubiquinone oxidoreductase core subunit 6	1	Suspended	https://clinicaltrials.gov/study/NCT03713801
EFO_0022597	aging	CHEMBL1431	METFORMIN	Small molecule	Mitochondrial complex I (NADH dehydrogenase) inhibitor		MT-ND3	mitochondrially encoded NADH:ubiquinone oxidoreductase core subunit 3	1	Suspended	https://clinicaltrials.gov/study/NCT03713801
EFO_0022597	aging	CHEMBL1431	METFORMIN	Small molecule	Mitochondrial complex I (NADH dehydrogenase) inhibitor		MT-ND1	mitochondrially encoded NADH:ubiquinone oxidoreductase core subunit 1	1	Suspended	https://clinicaltrials.gov/study/NCT03713801
EFO_0022597	aging	CHEMBL1431	METFORMIN	Small molecule	Mitochondrial complex I (NADH dehydrogenase) inhibitor		NDUFS3	NADH:ubiquinone oxidoreductase core subunit S3	1	Suspended	https://clinicaltrials.gov/study/NCT03713801
EFO_0022597	aging	CHEMBL191	LOSARTAN	Small molecule	Type-1 angiotensin II receptor antagonist		AGTR1	angiotensin II receptor type 1	1	Completed	https://clinicaltrials.gov/study/NCT01384591
EFO_0022597	aging	CHEMBL2097081	NITROPRUSSIDE	Small molecule	Soluble guanylate cyclase activator		GUCY1B1	guanylate cyclase 1 soluble subunit beta 1	1	Completed	https://clinicaltrials.gov/study/NCT00945256
EFO_0022597	aging	CHEMBL386630	TESTOSTERONE	Small molecule	Androgen Receptor agonist		AR	androgen receptor	1	Completed	https://clinicaltrials.gov/study/NCT02203656,https://clinicaltrials.gov/study/NCT00309855
EFO_0022597	aging	CHEMBL429910	DAPAGLIFLOZIN	Small molecule	Sodium/glucose cotransporter 2 inhibitor		SLC5A2	solute carrier family 5 member 2	1	Completed	https://clinicaltrials.gov/study/NCT04401904
EFO_0022597	aging	CHEMBL1201716	MECASERMIN	Protein	Insulin-like growth factor I receptor agonist		IGF1R	insulin like growth factor 1 receptor	0.5	Recruiting	https://clinicaltrials.gov/study/NCT03932162
EFO_0022597	aging	CHEMBL1431	METFORMIN	Small molecule	Mitochondrial complex I (NADH dehydrogenase) inhibitor		NDUFAB1	NADH:ubiquinone oxidoreductase subunit AB1	0.5	Completed	https://clinicaltrials.gov/study/NCT02308228
EFO_0022597	aging	CHEMBL1431	METFORMIN	Small molecule	Mitochondrial complex I (NADH dehydrogenase) inhibitor		NDUFS1	NADH:ubiquinone oxidoreductase core subunit S1	0.5	Completed	https://clinicaltrials.gov/study/NCT02308228
EFO_0022597	aging	CHEMBL1431	METFORMIN	Small molecule	Mitochondrial complex I (NADH dehydrogenase) inhibitor		NDUFB4	NADH:ubiquinone oxidoreductase subunit B4	0.5	Completed	https://clinicaltrials.gov/study/NCT02308228
EFO_0022597	aging	CHEMBL1431	METFORMIN	Small molecule	Mitochondrial complex I (NADH dehydrogenase) inhibitor		NDUFS7	NADH:ubiquinone oxidoreductase core subunit S7	0.5	Completed	https://clinicaltrials.gov/study/NCT02308228
EFO_0022597	aging	CHEMBL1431	METFORMIN	Small molecule	Mitochondrial complex I (NADH dehydrogenase) inhibitor		NDUFA8	NADH:ubiquinone oxidoreductase subunit A8	0.5	Completed	https://clinicaltrials.gov/study/NCT02308228
EFO_0022597	aging	CHEMBL1431	METFORMIN	Small molecule	Mitochondrial complex I (NADH dehydrogenase) inhibitor		NDUFAF4	NADH:ubiquinone oxidoreductase complex assembly factor 4	0.5	Completed	https://clinicaltrials.gov/study/NCT02308228
EFO_0022597	aging	CHEMBL1431	METFORMIN	Small molecule	Mitochondrial complex I (NADH dehydrogenase) inhibitor		NDUFA1	NADH:ubiquinone oxidoreductase subunit A1	0.5	Completed	https://clinicaltrials.gov/study/NCT02308228
EFO_0022597	aging	CHEMBL1431	METFORMIN	Small molecule	Mitochondrial complex I (NADH dehydrogenase) inhibitor		NDUFA2	NADH:ubiquinone oxidoreductase subunit A2	0.5	Completed	https://clinicaltrials.gov/study/NCT02308228
EFO_0022597	aging	CHEMBL1431	METFORMIN	Small molecule	Mitochondrial complex I (NADH dehydrogenase) inhibitor		NDUFB5	NADH:ubiquinone oxidoreductase subunit B5	0.5	Completed	https://clinicaltrials.gov/study/NCT02308228
EFO_0022597	aging	CHEMBL1431	METFORMIN	Small molecule	Mitochondrial complex I (NADH dehydrogenase) inhibitor		NDUFA9	NADH:ubiquinone oxidoreductase subunit A9	0.5	Completed	https://clinicaltrials.gov/study/NCT02308228
EFO_0022597	aging	CHEMBL1431	METFORMIN	Small molecule	Mitochondrial complex I (NADH dehydrogenase) inhibitor		NDUFS6	NADH:ubiquinone oxidoreductase subunit S6	0.5	Completed	https://clinicaltrials.gov/study/NCT02308228
EFO_0022597	aging	CHEMBL1431	METFORMIN	Small molecule	Mitochondrial complex I (NADH dehydrogenase) inhibitor		NDUFS4	NADH:ubiquinone oxidoreductase subunit S4	0.5	Completed	https://clinicaltrials.gov/study/NCT02308228
EFO_0022597	aging	CHEMBL1431	METFORMIN	Small molecule	Mitochondrial complex I (NADH dehydrogenase) inhibitor		NDUFS5	NADH:ubiquinone oxidoreductase subunit S5	0.5	Completed	https://clinicaltrials.gov/study/NCT02308228
EFO_0022597	aging	CHEMBL1431	METFORMIN	Small molecule	Mitochondrial complex I (NADH dehydrogenase) inhibitor		NDUFA3	NADH:ubiquinone oxidoreductase subunit A3	0.5	Completed	https://clinicaltrials.gov/study/NCT02308228
EFO_0022597	aging	CHEMBL1431	METFORMIN	Small molecule	Mitochondrial complex I (NADH dehydrogenase) inhibitor		NDUFA11	NADH:ubiquinone oxidoreductase subunit A11	0.5	Completed	https://clinicaltrials.gov/study/NCT02308228
EFO_0022597	aging	CHEMBL1431	METFORMIN	Small molecule	Mitochondrial complex I (NADH dehydrogenase) inhibitor		NDUFAF3	NADH:ubiquinone oxidoreductase complex assembly factor 3	0.5	Completed	https://clinicaltrials.gov/study/NCT02308228
EFO_0022597	aging	CHEMBL1431	METFORMIN	Small molecule	Mitochondrial complex I (NADH dehydrogenase) inhibitor		NDUFV2	NADH:ubiquinone oxidoreductase core subunit V2	0.5	Completed	https://clinicaltrials.gov/study/NCT02308228
EFO_0022597	aging	CHEMBL1431	METFORMIN	Small molecule	Mitochondrial complex I (NADH dehydrogenase) inhibitor		NDUFB1	NADH:ubiquinone oxidoreductase subunit B1	0.5	Completed	https://clinicaltrials.gov/study/NCT02308228
EFO_0022597	aging	CHEMBL1431	METFORMIN	Small molecule	Mitochondrial complex I (NADH dehydrogenase) inhibitor		COXFA4L2	cytochrome c oxidase hypoxia associated subunit FA4L2	0.5	Completed	https://clinicaltrials.gov/study/NCT02308228
EFO_0022597	aging	CHEMBL1431	METFORMIN	Small molecule	Mitochondrial complex I (NADH dehydrogenase) inhibitor		COXFA4	cytochrome c oxidase associated subunit FA4	0.5	Completed	https://clinicaltrials.gov/study/NCT02308228
EFO_0022597	aging	CHEMBL1431	METFORMIN	Small molecule	Mitochondrial complex I (NADH dehydrogenase) inhibitor		MT-ND3	mitochondrially encoded NADH:ubiquinone oxidoreductase core subunit 3	0.5	Completed	https://clinicaltrials.gov/study/NCT02308228
EFO_0022597	aging	CHEMBL1431	METFORMIN	Small molecule	Mitochondrial complex I (NADH dehydrogenase) inhibitor		MT-ND1	mitochondrially encoded NADH:ubiquinone oxidoreductase core subunit 1	0.5	Completed	https://clinicaltrials.gov/study/NCT02308228
EFO_0022597	aging	CHEMBL1431	METFORMIN	Small molecule	Mitochondrial complex I (NADH dehydrogenase) inhibitor		NDUFA7	NADH:ubiquinone oxidoreductase subunit A7	0.5	Completed	https://clinicaltrials.gov/study/NCT02308228
EFO_0022597	aging	CHEMBL25	ASPIRIN	Small molecule	Cyclooxygenase inhibitor		PTGS2	prostaglandin-endoperoxide synthase 2	0.5	Recruiting	https://clinicaltrials.gov/study/NCT04284397
EFO_0022597	aging	CHEMBL25	ASPIRIN	Small molecule	Cyclooxygenase inhibitor		PTGS1	prostaglandin-endoperoxide synthase 1	0.5	Recruiting	https://clinicaltrials.gov/study/NCT04284397
EFO_0022597	aging	CHEMBL3	NICOTINE	Small molecule	Neuronal acetylcholine receptor; alpha4/beta2 agonist		CHRNA4	cholinergic receptor nicotinic alpha 4 subunit	0.5	Recruiting	https://clinicaltrials.gov/study/NCT05018117
EFO_0022597	aging	CHEMBL3545347	TXA127	Protein	Proto-oncogene Mas agonist		MAS1	MAS1 proto-oncogene, G protein-coupled receptor	0.5	Recruiting	https://clinicaltrials.gov/study/NCT05301192
EFO_0022597	aging	CHEMBL768	ESMOLOL	Small molecule	Beta-1 adrenergic receptor antagonist		ADRB1	adrenoceptor beta 1	0.5	Completed	https://clinicaltrials.gov/study/NCT04181606
EFO_0022597	aging	CHEMBL768	ESMOLOL	Small molecule	Beta-2 adrenergic receptor antagonist		ADRB2	adrenoceptor beta 2	0.5	Completed	https://clinicaltrials.gov/study/NCT04181606
EFO_0022597	aging	CHEMBL1431	METFORMIN	Small molecule	Mitochondrial complex I (NADH dehydrogenase) inhibitor		NDUFB2	NADH:ubiquinone oxidoreductase subunit B2	0.5	Completed	https://clinicaltrials.gov/study/NCT02308228
EFO_0022597	aging	CHEMBL1431	METFORMIN	Small molecule	Mitochondrial complex I (NADH dehydrogenase) inhibitor		NDUFB7	NADH:ubiquinone oxidoreductase subunit B7	0.5	Completed	https://clinicaltrials.gov/study/NCT02308228
EFO_0022597	aging	CHEMBL1431	METFORMIN	Small molecule	Mitochondrial complex I (NADH dehydrogenase) inhibitor		NDUFC1	NADH:ubiquinone oxidoreductase subunit C1	0.5	Completed	https://clinicaltrials.gov/study/NCT02308228
EFO_0022597	aging	CHEMBL1431	METFORMIN	Small molecule	Mitochondrial complex I (NADH dehydrogenase) inhibitor		NDUFS8	NADH:ubiquinone oxidoreductase core subunit S8	0.5	Completed	https://clinicaltrials.gov/study/NCT02308228
EFO_0022597	aging	CHEMBL1431	METFORMIN	Small molecule	Mitochondrial glycerol-3-phosphate dehydrogenase inhibitor		GPD2	glycerol-3-phosphate dehydrogenase 2	0.5	Completed	https://clinicaltrials.gov/study/NCT02308228
EFO_0022597	aging	CHEMBL1431	METFORMIN	Small molecule	Mitochondrial complex I (NADH dehydrogenase) inhibitor		NDUFB3	NADH:ubiquinone oxidoreductase subunit B3	0.5	Completed	https://clinicaltrials.gov/study/NCT02308228
EFO_0022597	aging	CHEMBL1431	METFORMIN	Small molecule	Mitochondrial complex I (NADH dehydrogenase) inhibitor		NDUFA5	NADH:ubiquinone oxidoreductase subunit A5	0.5	Completed	https://clinicaltrials.gov/study/NCT02308228
EFO_0022597	aging	CHEMBL1431	METFORMIN	Small molecule	Mitochondrial complex I (NADH dehydrogenase) inhibitor		NDUFA10	NADH:ubiquinone oxidoreductase subunit A10	0.5	Completed	https://clinicaltrials.gov/study/NCT02308228
EFO_0022597	aging	CHEMBL1431	METFORMIN	Small molecule	Mitochondrial complex I (NADH dehydrogenase) inhibitor		NDUFAF1	NADH:ubiquinone oxidoreductase complex assembly factor 1	0.5	Completed	https://clinicaltrials.gov/study/NCT02308228
EFO_0022597	aging	CHEMBL1431	METFORMIN	Small molecule	Mitochondrial complex I (NADH dehydrogenase) inhibitor		NDUFB10	NADH:ubiquinone oxidoreductase subunit B10	0.5	Completed	https://clinicaltrials.gov/study/NCT02308228
EFO_0022597	aging	CHEMBL1431	METFORMIN	Small molecule	Mitochondrial complex I (NADH dehydrogenase) inhibitor		NDUFB11	NADH:ubiquinone oxidoreductase subunit B11	0.5	Completed	https://clinicaltrials.gov/study/NCT02308228
EFO_0022597	aging	CHEMBL1431	METFORMIN	Small molecule	Mitochondrial complex I (NADH dehydrogenase) inhibitor		NDUFB9	NADH:ubiquinone oxidoreductase subunit B9	0.5	Completed	https://clinicaltrials.gov/study/NCT02308228
EFO_0022597	aging	CHEMBL1431	METFORMIN	Small molecule	Mitochondrial complex I (NADH dehydrogenase) inhibitor		NDUFC2	NADH:ubiquinone oxidoreductase subunit C2	0.5	Completed	https://clinicaltrials.gov/study/NCT02308228
EFO_0022597	aging	CHEMBL1431	METFORMIN	Small molecule	Mitochondrial complex I (NADH dehydrogenase) inhibitor		NDUFS2	NADH:ubiquinone oxidoreductase core subunit S2	0.5	Completed	https://clinicaltrials.gov/study/NCT02308228
EFO_0022597	aging	CHEMBL1431	METFORMIN	Small molecule	Mitochondrial complex I (NADH dehydrogenase) inhibitor		NDUFV3	NADH:ubiquinone oxidoreductase subunit V3	0.5	Completed	https://clinicaltrials.gov/study/NCT02308228
EFO_0022597	aging	CHEMBL1431	METFORMIN	Small molecule	Mitochondrial complex I (NADH dehydrogenase) inhibitor		NDUFAF2	NADH:ubiquinone oxidoreductase complex assembly factor 2	0.5	Completed	https://clinicaltrials.gov/study/NCT02308228
EFO_0022597	aging	CHEMBL1431	METFORMIN	Small molecule	Mitochondrial complex I (NADH dehydrogenase) inhibitor		NDUFB6	NADH:ubiquinone oxidoreductase subunit B6	0.5	Completed	https://clinicaltrials.gov/study/NCT02308228
EFO_0022597	aging	CHEMBL1431	METFORMIN	Small molecule	Mitochondrial complex I (NADH dehydrogenase) inhibitor		NDUFB8	NADH:ubiquinone oxidoreductase subunit B8	0.5	Completed	https://clinicaltrials.gov/study/NCT02308228
EFO_0022597	aging	CHEMBL1431	METFORMIN	Small molecule	Mitochondrial complex I (NADH dehydrogenase) inhibitor		NDUFV1	NADH:ubiquinone oxidoreductase core subunit V1	0.5	Completed	https://clinicaltrials.gov/study/NCT02308228
EFO_0022597	aging	CHEMBL1431	METFORMIN	Small molecule	Mitochondrial complex I (NADH dehydrogenase) inhibitor		NDUFA12	NADH:ubiquinone oxidoreductase subunit A12	0.5	Completed	https://clinicaltrials.gov/study/NCT02308228
EFO_0022597	aging	CHEMBL1431	METFORMIN	Small molecule	Mitochondrial complex I (NADH dehydrogenase) inhibitor		NDUFA6	NADH:ubiquinone oxidoreductase subunit A6	0.5	Completed	https://clinicaltrials.gov/study/NCT02308228
EFO_0022597	aging	CHEMBL1431	METFORMIN	Small molecule	Mitochondrial complex I (NADH dehydrogenase) inhibitor		NDUFA13	NADH:ubiquinone oxidoreductase subunit A13	0.5	Completed	https://clinicaltrials.gov/study/NCT02308228
EFO_0022597	aging	CHEMBL1431	METFORMIN	Small molecule	Mitochondrial complex I (NADH dehydrogenase) inhibitor		MT-ND6	mitochondrially encoded NADH:ubiquinone oxidoreductase core subunit 6	0.5	Completed	https://clinicaltrials.gov/study/NCT02308228
EFO_0022597	aging	CHEMBL1431	METFORMIN	Small molecule	Mitochondrial complex I (NADH dehydrogenase) inhibitor		MT-ND2	mitochondrially encoded NADH:ubiquinone oxidoreductase core subunit 2	0.5	Completed	https://clinicaltrials.gov/study/NCT02308228
EFO_0022597	aging	CHEMBL1431	METFORMIN	Small molecule	Mitochondrial complex I (NADH dehydrogenase) inhibitor		MT-ND5	mitochondrially encoded NADH:ubiquinone oxidoreductase core subunit 5	0.5	Completed	https://clinicaltrials.gov/study/NCT02308228
EFO_0022597	aging	CHEMBL1431	METFORMIN	Small molecule	Mitochondrial complex I (NADH dehydrogenase) inhibitor		MT-ND4	mitochondrially encoded NADH:ubiquinone oxidoreductase core subunit 4	0.5	Completed	https://clinicaltrials.gov/study/NCT02308228
EFO_0022597	aging	CHEMBL1431	METFORMIN	Small molecule	Mitochondrial complex I (NADH dehydrogenase) inhibitor		MT-ND4L	mitochondrially encoded NADH:ubiquinone oxidoreductase core subunit 4L	0.5	Completed	https://clinicaltrials.gov/study/NCT02308228
EFO_0022597	aging	CHEMBL1431	METFORMIN	Small molecule	Mitochondrial complex I (NADH dehydrogenase) inhibitor		NDUFS3	NADH:ubiquinone oxidoreductase core subunit S3	0.5	Completed	https://clinicaltrials.gov/study/NCT02308228
EFO_0022597	aging	CHEMBL3	NICOTINE	Small molecule	Neuronal acetylcholine receptor; alpha4/beta2 agonist		CHRNB2	cholinergic receptor nicotinic beta 2 subunit	0.5	Recruiting	https://clinicaltrials.gov/study/NCT05018117
EFO_0022597	aging	CHEMBL386630	TESTOSTERONE	Small molecule	Androgen Receptor agonist		AR	androgen receptor	0.5	Terminated	https://clinicaltrials.gov/study/NCT02679274
EFO_0022597	aging	CHEMBL413	SIROLIMUS	Small molecule	FK506-binding protein 1A inhibitor		FKBP1A	FKBP prolyl isomerase 1A	0.5	Completed	https://clinicaltrials.gov/study/NCT04608448