chromosome_name,start_position,end_position,strand,hgnc_symbol,ensembl_gene_id
16,29543201,29613723,-1,"",ENSG00000279583
16,29613103,29613640,-1,SLC7A5P1,ENSG00000260727
16,29614406,29664795,-1,"",ENSG00000305172
16,29618785,29636328,-1,CA5AP1,ENSG00000260133
16,29624517,29624825,1,"",ENSG00000260514
16,29662979,29670876,1,SPN,ENSG00000197471
16,29663279,29698704,1,QPRT,ENSG00000103485
16,29709156,29716490,1,"",ENSG00000289181
16,29731051,29731404,-1,RN7SKP127,ENSG00000222375
16,29735772,29736924,-1,"",ENSG00000306882
16,29742463,29745990,-1,C16orf54,ENSG00000185905
16,29745247,29749644,1,"",ENSG00000260719
16,29746233,29746465,1,"",ENSG00000293832
16,29777882,29783272,1,ZG16,ENSG00000174992
16,29782870,29785379,-1,"",ENSG00000298198
16,29785078,29785884,1,"",ENSG00000298222
16,29790718,29805388,1,KIF22,ENSG00000079616
16,29804428,29805501,-1,"",ENSG00000275857
16,29806106,29811164,1,MAZ,ENSG00000103495
16,29806496,29807732,-1,"",ENSG00000259952
16,29808636,29821252,-1,MVP-DT,ENSG00000238045
16,29808679,29812227,1,"",ENSG00000280607
16,29811382,29815892,1,PRRT2,ENSG00000167371
16,29812261,29820092,1,"",ENSG00000280893
16,29816152,29822489,1,PAGR1,ENSG00000280789
16,29817239,29830627,1,"",ENSG00000281348
16,29820394,29848039,1,MVP,ENSG00000013364
16,29858357,29863414,-1,CDIPT,ENSG00000103502
16,29862760,29863417,1,"",ENSG00000278713
16,29863548,29868055,1,CDIPTOSP,ENSG00000293487
16,29864308,29865442,1,CDIPTOSP,ENSG00000214725
16,29871159,29899550,-1,SEZ6L2,ENSG00000174938
16,29900375,29919864,1,ASPHD1,ENSG00000174939
16,29905012,29926236,-1,KCTD13,ENSG00000174943
16,29913144,29915337,-1,"",ENSG00000279789
16,29926836,29928933,1,KCTD13-DT,ENSG00000247735
16,29940885,29973052,1,TMEM219,ENSG00000149932
16,29973047,29973559,-1,"",ENSG00000305284
16,29973868,29992261,1,TAOK2,ENSG00000149930
16,29992330,29996120,-1,HIRIP3,ENSG00000149929
16,29995715,30005793,1,INO80E,ENSG00000169592
16,30005507,30023270,-1,DOC2A,ENSG00000149927
16,30023198,30027736,1,C16orf92,ENSG00000167194
16,30024426,30052978,-1,TLCD3B,ENSG00000149926
16,30053123,30070414,1,"",ENSG00000285043
16,30064164,30070457,1,ALDOA,ENSG00000149925
16,30064306,30064825,-1,"",ENSG00000274904
16,30075967,30085385,1,PPP4C,ENSG00000149923
16,30085793,30091933,-1,TBX6,ENSG00000149922
16,30092314,30096915,-1,YPEL3,ENSG00000090238
16,30096363,30105193,1,YPEL3-DT,ENSG00000250616
16,30104810,30113537,-1,GDPD3,ENSG00000102886
16,30107675,30110541,1,"",ENSG00000261367
16,30110895,30111955,1,"",ENSG00000275371
16,30112301,30114904,1,"",ENSG00000300821
16,30114105,30123506,-1,MAPK3,ENSG00000102882
16,30182817,30189085,1,CORO1A,ENSG00000102879
16,30183505,30184957,-1,CORO1A-AS1,ENSG00000261416
16,30192930,30194306,-1,BOLA2B,ENSG00000169627
16,30193875,30197566,1,SLX1A,ENSG00000132207
16,30193892,30204310,1,SLX1A-SULT1A3,ENSG00000213599
16,30198059,30204324,1,SULT1A3,ENSG00000261052
17,43483865,43610338,1,DHX8,ENSG00000067596
17,43589340,43614195,1,"",ENSG00000297964
17,43607436,43607723,-1,"",ENSG00000278109
17,43640389,43661922,-1,MEOX1,ENSG00000005102
17,43669233,43674457,1,"",ENSG00000305227
17,43671165,43690795,-1,"",ENSG00000305211
17,43679341,43706709,1,LINC02594,ENSG00000267440
17,43697868,43701645,-1,"",ENSG00000297747
17,43718314,43720436,-1,WHSC1L2P,ENSG00000267253
17,43719890,43720715,1,"",ENSG00000294500
17,43753738,43758791,-1,SOST,ENSG00000167941
17,43766121,43779000,-1,DUSP3,ENSG00000108861
17,43780435,43787620,1,CFAP97D1,ENSG00000231256
17,43782804,43784682,-1,CFAP97D1-AS1,ENSG00000267604
17,43800799,43833170,-1,MPP3,ENSG00000161647
17,43833662,43846670,1,"",ENSG00000302186
17,43847114,43863639,1,CD300LG,ENSG00000161649
17,43875357,43909711,-1,MPP2,ENSG00000108852
17,43914374,43923001,-1,"",ENSG00000282199
17,43917194,43921042,1,FAM215A,ENSG00000267496
17,43922775,43927388,-1,"",ENSG00000267166
17,43926845,43950464,1,LINC01976,ENSG00000261514
17,43927435,43928459,-1,"",ENSG00000296728
17,43940804,43944144,-1,PPY,ENSG00000108849
17,43952733,44004469,-1,PYY,ENSG00000131096
17,44004581,44011028,1,NAGS,ENSG00000161653
17,44011188,44023946,-1,TMEM101,ENSG00000091947
17,44014418,44019706,1,"",ENSG00000305936
17,44025020,44025223,-1,"",ENSG00000221044
17,44034328,44067619,-1,LSM12,ENSG00000161654
17,44070620,44082151,1,G6PC3,ENSG00000141349
17,44076746,44123702,-1,HDAC5,ENSG00000108840
17,44115912,44120595,1,"",ENSG00000267638
17,44123821,44124419,1,"",ENSG00000300394
17,44135883,44135989,-1,RNU6-131P,ENSG00000212446
17,44141903,44162481,1,HROB,ENSG00000125319
17,44157293,44187180,-1,ASB16-AS1,ENSG00000267080
17,44170447,44179084,1,ASB16,ENSG00000161664
17,44181847,44182358,1,"",ENSG00000298495
17,44185265,44186728,1,"",ENSG00000298482
17,44186966,44191931,1,TMUB2,ENSG00000168591
17,44191805,44200961,-1,ATXN7L3,ENSG00000087152
17,44198520,44234868,1,ATXN7L3-AS1,ENSG00000267394
17,44205033,44221626,-1,UBTF,ENSG00000108312
17,44207771,44207839,-1,MIR6782,ENSG00000275107
17,44221630,44222157,-1,"",ENSG00000288877
17,44228760,44230228,-1,SHC1P2,ENSG00000267691
17,44248390,44268141,-1,SLC4A1,ENSG00000004939
17,44266142,44266644,-1,"",ENSG00000302447
17,44268365,44268947,1,"",ENSG00000302132
17,44276368,44281787,-1,"",ENSG00000285486
17,44290856,44291151,-1,RN7SL507P,ENSG00000239702
17,44299567,44315515,-1,RUNDC3A-AS1,ENSG00000267750
17,44303965,44304203,1,"",ENSG00000221496
17,44307088,44307172,1,RNU6-453P,ENSG00000252628
17,44307947,44318675,1,RUNDC3A,ENSG00000108309
17,44319625,44325801,-1,SLC25A39,ENSG00000013306
17,44324359,44327576,1,"",ENSG00000288961
17,44328613,44331462,1,"",ENSG00000267211
17,44345108,44353106,1,GRN,ENSG00000030582
17,44353215,44363868,-1,FAM171A2,ENSG00000161682
17,44365014,44365751,-1,RPL7L1P5,ENSG00000267634
17,44372177,44389649,-1,ITGA2B,ENSG00000005961
17,44395281,44503595,-1,GPATCH8,ENSG00000186566
17,44409059,44409358,-1,RN7SL258P,ENSG00000240589
17,44486153,44486815,-1,"",ENSG00000283045
22,18605355,18605497,1,"",ENSG00000274625
22,18605802,18606102,-1,RN7SKP131,ENSG00000222630
22,18605815,18611919,-1,RIMBP3,ENSG00000275793
22,18615581,18615900,1,"",ENSG00000275362
22,18623339,18625289,-1,SUSD2P2,ENSG00000278110
22,18633984,18634682,1,FAM246B,ENSG00000286175
22,18634776,18635386,1,"",ENSG00000302720
22,18636445,18638405,-1,CA15P2,ENSG00000273907
22,18650023,18653617,-1,PPP1R26P2,ENSG00000273643
22,18715815,18719341,1,PPP1R26P4,ENSG00000278008
22,18727548,18730085,-1,"",ENSG00000309872
22,18733724,18757906,1,FAM230E,ENSG00000182824
22,18738233,18739420,-1,"",ENSG00000298191
22,18758532,18769809,-1,"",ENSG00000297197
22,18773659,18858648,-1,"",ENSG00000290711
22,18773825,18791223,-1,GGT3P,ENSG00000197421
22,18794414,18794804,-1,"",ENSG00000239989
22,18803738,18813169,1,"",ENSG00000302582
22,18833694,18834438,1,E2F6P1,ENSG00000234764
22,18846472,18864414,1,"",ENSG00000293159
22,18846477,18848379,-1,"",ENSG00000302604
22,18846932,18848320,1,POM121L15P,ENSG00000161103
22,18855621,18858640,-1,BCRP7,ENSG00000215544
22,18865042,18871095,-1,"",ENSG00000307221
22,18873543,18896777,-1,FAM230F,ENSG00000276095
22,18883615,18884736,1,"",ENSG00000299619
22,18905677,18914281,1,DGCR6,ENSG00000183628
22,18906238,18947732,1,"",ENSG00000283809
22,18912774,18936553,-1,PRODH,ENSG00000100033
22,18936411,18947741,1,"",ENSG00000284294
22,18951934,18959512,-1,"",ENSG00000280418
22,18969692,19031242,1,DGCR5,ENSG00000273032
22,18980695,18981325,-1,"",ENSG00000283583
22,18985836,18994501,1,CELSR1P1,ENSG00000237517
22,18996940,18998733,-1,"",ENSG00000302076
22,18997138,18997595,-1,"",ENSG00000271275
22,19014353,19014506,1,"",ENSG00000283366
22,19018043,19018916,-1,"",ENSG00000270393
22,19029524,19031242,1,FAM246C,ENSG00000286025
22,19031564,19034564,-1,CA15P1,ENSG00000241527
22,19032247,19033090,-1,"",ENSG00000298261
22,19036280,19122461,-1,DGCR2,ENSG00000070413
22,19045256,19045367,1,"",ENSG00000206739
22,19046162,19048375,-1,DGCR11,ENSG00000273311
22,19055801,19056512,1,RPL28P6,ENSG00000237347
22,19061041,19061843,-1,"",ENSG00000281530
22,19121464,19135657,1,"",ENSG00000223461
22,19124309,19128449,-1,"",ENSG00000272682
22,19124879,19125646,1,TSSK1A,ENSG00000231086
22,19130279,19144684,-1,ESS2,ENSG00000100056
22,19131308,19132622,1,TSSK2,ENSG00000206203
22,19146993,19150292,-1,GSC2,ENSG00000063515
22,19170452,19171631,-1,"",ENSG00000289481
22,19171395,19185045,1,LINC01311,ENSG00000260924
22,19175575,19178788,-1,SLC25A1,ENSG00000100075
22,19179320,19291774,-1,CLTCL1,ENSG00000070371
22,19196402,19200083,1,"",ENSG00000286367
22,19238443,19238739,-1,RPL34P35,ENSG00000230194
22,19249873,19249966,1,"",ENSG00000251940
22,19257520,19258806,1,KRT18P62,ENSG00000233471
22,19291969,19328901,1,"",ENSG00000287146
22,19330693,19447450,-1,HIRA,ENSG00000100084
22,19351368,19447711,-1,C22orf39,ENSG00000242259
22,19365766,19366044,1,RN7SL168P,ENSG00000244296
22,19432467,19436077,1,MRPL40,ENSG00000185608
22,19447763,19450105,1,UFD1-AS1,ENSG00000185065
22,19449911,19479215,-1,UFD1,ENSG00000070010
22,19454179,19454605,1,"",ENSG00000273300
22,19456503,19456962,1,"",ENSG00000273212
22,19479457,19520612,1,CDC45,ENSG00000093009
22,19517453,19522769,-1,"",ENSG00000287652
22,19523024,19527545,-1,CLDN5,ENSG00000184113
22,19551558,19566839,-1,LINC00895,ENSG00000281548
22,19579814,19587025,-1,"",ENSG00000302501
22,19597778,19598642,-1,"",ENSG00000305857
22,19630750,19633574,-1,"",ENSG00000230485
22,19666899,19667735,1,"",ENSG00000225007
22,19687923,19693581,1,"",ENSG00000304282
22,19708983,19714838,-1,"",ENSG00000304096
22,19714467,19724224,1,SEPTIN5,ENSG00000184702
22,19717220,19724772,1,"",ENSG00000284874
22,19723539,19724776,1,GP1BB,ENSG00000203618
22,19727249,19735909,1,"",ENSG00000298759
22,19748522,19749106,-1,"",ENSG00000306238
22,19750531,19751330,1,"",ENSG00000298407
22,19756703,19783593,1,TBX1,ENSG00000184058
22,19783223,19854939,-1,GNB1L,ENSG00000185838
22,19792294,19793094,1,RPL7AP70,ENSG00000235776
22,19804904,19809428,1,"",ENSG00000302740
22,19846138,19854896,-1,RTL10,ENSG00000215012
22,19854910,19867420,1,"",ENSG00000289960
22,19875517,19941820,-1,TXNRD2,ENSG00000184470
22,19887289,19887970,1,RPL8P5,ENSG00000232926
22,19933661,19939498,1,"",ENSG00000289946
22,19941371,19969975,1,COMT,ENSG00000093010
22,19963753,19963834,1,MIR4761,ENSG00000284031
22,19969892,20016823,-1,ARVCF,ENSG00000099889
22,20016615,20067164,1,TANGO2,ENSG00000183597
22,20033139,20033220,1,MIR185,ENSG00000208023
22,20058030,20070569,-1,"",ENSG00000236540
22,20064552,20065705,-1,"",ENSG00000268292
22,20070716,20070965,1,"",ENSG00000277950
22,20080035,20111877,1,DGCR8,ENSG00000128191
22,20080798,20081584,-1,"",ENSG00000307654
22,20085746,20085833,1,MIR3618,ENSG00000284140
22,20086058,20086142,1,MIR1306,ENSG00000284464
22,20110821,20111875,-1,"",ENSG00000243762
22,20111875,20117392,-1,TRMT2A,ENSG00000099899
22,20114686,20114751,-1,MIR6816,ENSG00000278278
22,20115877,20127355,1,RANBP1,ENSG00000099901
22,20126402,20126526,1,SNORA77B,ENSG00000264346
22,20129456,20148007,1,ZDHHC8,ENSG00000099904
22,20148416,20151055,-1,CCDC188,ENSG00000234409
22,20151796,20155468,-1,"",ENSG00000299199
22,20198729,20212221,-1,LINC02891,ENSG00000249923
22,20206340,20235981,1,LINC00896,ENSG00000236499
22,20226761,20228564,-1,"",ENSG00000307165
22,20241415,20283246,-1,RTN4R,ENSG00000040608
22,20249134,20249211,-1,MIR1286,ENSG00000221039
22,20299760,20313216,1,PRODHLP,ENSG00000161132
22,20314238,20320080,-1,DGCR6L,ENSG00000128185
22,20318119,20318749,-1,"",ENSG00000273343
22,20320104,20321406,1,"",ENSG00000273139
22,20335732,20338859,-1,"",ENSG00000309819
22,20337895,20354372,1,FAM230G,ENSG00000188280
22,20343198,20372718,-1,"",ENSG00000290950
22,20363621,20377251,-1,USP41P,ENSG00000161133
22,20394115,20408461,1,ZNF74,ENSG00000185252
22,20416797,20416899,-1,RNU6-225P,ENSG00000207343
22,20418310,20420314,1,"",ENSG00000301723
22,20424584,20437944,-1,SCARF2,ENSG00000244486
22,20425347,20443364,1,"",ENSG00000305663
22,20429241,20446620,-1,"",ENSG00000277971
22,20441519,20496893,-1,KLHL22,ENSG00000099910
22,20450122,20451824,1,KLHL12P1,ENSG00000215493
22,20475203,20475311,-1,RNY1P9,ENSG00000255156
22,20481158,20481268,1,"",ENSG00000201916
22,20481935,20482213,-1,RN7SL812P,ENSG00000242876
22,20482815,20484105,-1,KRT18P5,ENSG00000236670
22,20495913,20587632,1,MED15,ENSG00000099917
22,20522070,20523870,-1,"",ENSG00000236003
22,20563737,20567074,-1,"",ENSG00000307622
22,20587496,20592218,-1,CCDC74BP1,ENSG00000250261
22,20587585,20592235,-1,"",ENSG00000307604
22,20602595,20626134,-1,SMPD4P1,ENSG00000223553
22,20616230,20656986,-1,"",ENSG00000290981
22,20631168,20632961,1,"",ENSG00000294629
22,20632619,20632751,1,IGLL4P,ENSG00000276427
22,20652730,20654750,1,SLC9A3P2,ENSG00000238125
22,20667836,20670984,-1,ABHD17AP4,ENSG00000229107
22,20689929,20698938,1,POM121L4P,ENSG00000217261
22,20690031,20691317,1,"",ENSG00000290982
22,20695438,20704239,-1,"",ENSG00000303205
22,20695633,20698399,1,"",ENSG00000303227
22,20697962,20698934,-1,BCRP5,ENSG00000235062
22,20701114,20704617,1,"",ENSG00000291085
22,20702007,20704490,1,TMEM191A,ENSG00000226287
22,20707691,20859417,-1,PI4KA,ENSG00000241973
22,20774112,20787721,1,SERPIND1,ENSG00000099937
22,20858537,20891214,1,SNAP29,ENSG00000099940
22,20889206,20891214,-1,"",ENSG00000272600
22,20917407,20953747,1,CRKL,ENSG00000099942
22,20957092,20964881,1,LINC01637,ENSG00000237476
22,20965108,20981364,1,AIFM3,ENSG00000183773
22,20979462,20998121,1,"",ENSG00000285314
22,20981351,20982233,-1,"",ENSG00000272829
22,20982223,20999035,1,LZTR1,ENSG00000099949
22,20999104,21002196,-1,THAP7,ENSG00000184436
22,21001536,21010342,1,THAP7-AS1,ENSG00000230513
22,21002895,21009453,-1,"",ENSG00000284060
22,21008193,21014292,-1,TUBA3FP,ENSG00000284130
22,21008247,21032572,-1,"",ENSG00000291240
22,21009808,21028013,1,P2RX6,ENSG00000099957
22,21028718,21032933,-1,SLC7A4,ENSG00000099960
22,21031354,21044117,1,"",ENSG00000226872
22,21034176,21034272,-1,MIR649,ENSG00000207575
22,21035233,21045741,-1,"",ENSG00000290799
22,21042343,21045017,-1,P2RX6P,ENSG00000206145
22,21045946,21064168,1,LRRC74B,ENSG00000187905
22,21065462,21070097,1,TUBA3GP,ENSG00000249680
22,21071082,21081018,-1,"",ENSG00000284665
22,21102861,21170655,1,"",ENSG00000291044
22,21114570,21124451,-1,"",ENSG00000197210
22,21115929,21119758,1,BCRP2,ENSG00000169668
22,21125660,21128063,-1,POM121L7P,ENSG00000239511
22,21141624,21142371,-1,E2F6P2,ENSG00000224688
22,21163681,21166933,-1,"",ENSG00000297777
22,21166079,21192161,1,FAM230B,ENSG00000215498
22,21177892,21179875,-1,"",ENSG00000234503
22,21192787,21204034,-1,"",ENSG00000290961
22,21203454,21203631,-1,FAM247A,ENSG00000283972
22,21207972,21294616,-1,"",ENSG00000290983
22,21207973,21225554,-1,GGT2P,ENSG00000133475
22,21228760,21229138,-1,"",ENSG00000283145
22,21268161,21268903,1,E2F6P3,ENSG00000226885
22,21282881,21284161,1,POM121L8P,ENSG00000229266
22,21290760,21294586,-1,BCRP6,ENSG00000169662
22,21290990,21292541,1,"",ENSG00000301876
22,21300990,21326741,-1,FAM230H,ENSG00000206142
22,21312920,21314904,1,"",ENSG00000237407
22,21326697,21332962,1,"",ENSG00000303017
22,21341595,21345258,1,PPP1R26P5,ENSG00000232771
22,21354563,21358067,1,LINC01651,ENSG00000279920
22,21359582,21368788,-1,"",ENSG00000306955
22,21360601,21361299,-1,FAM246A,ENSG00000286102
22,21370064,21371945,1,SUSD2P1,ENSG00000226534
22,21379382,21379701,-1,"",ENSG00000273846
22,21383751,21389478,1,RIMBP3B,ENSG00000274600
22,21389191,21389491,1,RN7SKP63,ENSG00000200057
22,21389796,21389938,-1,"",ENSG00000252020
22,21396273,21396590,-1,"",ENSG00000275840
22,21416504,21451463,1,HIC2,ENSG00000169635
22,21418732,21439973,1,"",ENSG00000303940
22,21463963,21464279,1,"",ENSG00000276800
22,21466423,21471269,1,TMEM191C,ENSG00000206140
22,21472998,21518463,-1,"",ENSG00000293427
22,21473059,21488358,-1,PI4KAP2,ENSG00000183506
22,21490664,21512462,1,"",ENSG00000295071
22,35075867,35231064,-1,"",ENSG00000293220
22,35122661,35127419,1,"",ENSG00000273068
22,35164304,35165347,1,"",ENSG00000238153
22,35194699,35194942,-1,LINC01399,ENSG00000233080
22,35232631,35258387,-1,"",ENSG00000303430
22,35241465,35255753,1,"",ENSG00000303454
22,35249772,35249833,1,RNU7-167P,ENSG00000238584
22,35257452,35295807,1,HMGXB4,ENSG00000100281
22,35298838,35299541,-1,"",ENSG00000273176
22,35299275,35347995,1,TOM1,ENSG00000100284
22,35335640,35335758,1,MIR3909,ENSG00000266320
22,35336721,35336799,-1,MIR6069,ENSG00000274280
22,35372174,35372621,1,"",ENSG00000282602
22,35376422,35377261,1,"",ENSG00000282041
22,35380361,35394214,1,HMOX1,ENSG00000100292
22,35400123,35425431,1,MCM5,ENSG00000100297
22,35501861,35503586,-1,TRMT112P8,ENSG00000233388
22,35526932,35527415,1,"",ENSG00000273044
22,35539796,35554003,1,RASD2,ENSG00000100302
22,35563570,35587706,-1,"",ENSG00000304364
22,35591913,35598380,1,"",ENSG00000304386
22,35603958,35604880,-1,"",ENSG00000288777
22,35606764,35637951,-1,MB,ENSG00000198125
22,35626988,35635134,-1,"",ENSG00000268818
22,35648386,35668404,1,APOL6,ENSG00000221963
22,35685940,35689373,1,"",ENSG00000228587
22,35703803,35704176,1,MRPS16P3,ENSG00000226336
22,35717872,35729483,1,APOL5,ENSG00000128313
22,35738736,36028824,-1,RBFOX2,ENSG00000100320
22,35834402,35836801,1,"",ENSG00000294483
22,35838259,35839935,-1,"",ENSG00000294512
22,35838583,35838657,-1,"",ENSG00000293594
22,35897270,35898404,-1,NDUFA9P1,ENSG00000237406
22,35992321,36000469,1,"",ENSG00000279652
22,36030589,36038797,1,"",ENSG00000299784
22,36056391,36066064,-1,"",ENSG00000307640
22,36066533,36070110,1,"",ENSG00000279927
22,36071000,36085573,1,"",ENSG00000279217
22,36091148,36093352,1,"",ENSG00000279714
22,36133017,36135553,-1,"",ENSG00000304491
22,36137430,36139350,-1,"",ENSG00000279805
22,36139792,36166177,-1,APOL3,ENSG00000128284
22,36172422,36172779,1,MTCO1P20,ENSG00000233764
22,36172934,36173948,1,MTCO2P20,ENSG00000231576
22,36174261,36174822,1,MTATP6P20,ENSG00000237948
22,36175167,36175854,1,MTCO3P20,ENSG00000225557
22,36175857,36176526,1,MTCYBP34,ENSG00000237129
22,36178554,36179385,1,MTND1P10,ENSG00000229088
22,36189124,36204840,-1,APOL4,ENSG00000100336
22,36220535,36222148,1,"",ENSG00000288778
22,36226209,36239954,-1,APOL2,ENSG00000128335
22,36253071,36267530,1,APOL1,ENSG00000100342
22,36281279,36388010,-1,MYH9,ENSG00000100345
22,36286847,36286907,-1,MIR6819,ENSG00000278420
22,36335217,36343530,1,"",ENSG00000287269
22,36387774,36424052,1,MYH9-DT,ENSG00000223695
22,36421273,36421644,-1,RPS15AP38,ENSG00000237668
22,36440880,36440970,-1,"",ENSG00000252225
22,36445067,36462247,-1,"",ENSG00000228719
22,36465701,36466416,1,"",ENSG00000297762
22,36466895,36482072,-1,TXN2,ENSG00000100348
22,36471206,36472146,1,"",ENSG00000294928
22,36487190,36507221,-1,FOXRED2,ENSG00000100350
22,36510850,36529245,-1,EIF3D,ENSG00000100353
22,36525246,36528109,1,"",ENSG00000302270
22,36536656,36537604,-1,"",ENSG00000188078
22,36552165,36552700,1,"",ENSG00000229971
22,36560857,36703752,-1,CACNG2,ENSG00000166862
22,36560870,36562915,-1,"",ENSG00000261675
22,36703577,36753050,1,CACNG2-DT,ENSG00000234688
22,36754086,36755731,-1,"",ENSG00000287773
22,36758202,36776309,-1,IFT27,ENSG00000100360
22,36766478,36769022,1,"",ENSG00000286485
22,36800682,36819479,-1,PVALB,ENSG00000100362
22,36816326,36819736,1,"",ENSG00000234979
22,36847367,36870486,-1,NCF4-AS1,ENSG00000183822
22,36860988,36878017,1,NCF4,ENSG00000100365
22,36888030,36902025,-1,"",ENSG00000309920
22,36911035,36926023,-1,"",ENSG00000304449
22,36913628,36940443,1,CSF2RB,ENSG00000100368
22,36950084,36954665,-1,"",ENSG00000309254
22,36950529,36953723,-1,CSF2RBP1,ENSG00000232254
22,36957765,36963497,-1,"",ENSG00000304026
22,36965248,36968172,1,"",ENSG00000215403
22,36991120,37007851,-1,CIMIP4,ENSG00000185264
22,37010859,37024797,-1,TST,ENSG00000128311
22,37013225,37013319,1,"",ENSG00000252412
22,37019635,37029822,1,MPST,ENSG00000128309
22,37033082,37035517,1,"",ENSG00000287236
22,37043858,37051314,-1,"",ENSG00000306187
22,37051739,37063390,1,KCTD17,ENSG00000100379
22,37055033,37055347,-1,RN7SKP214,ENSG00000201078
22,37065005,37110890,-1,TMPRSS6,ENSG00000187045
22,37080068,37082847,1,"",ENSG00000231467
22,37109686,37110676,1,"",ENSG00000294412
22,37118666,37176676,-1,IL2RB,ENSG00000100385
22,37166743,37182931,1,IL2RB-AS1,ENSG00000235237
22,37180166,37199385,-1,C1QTNF6,ENSG00000133466
22,37202652,37203900,-1,"",ENSG00000294472
22,37204237,37212477,-1,SSTR3,ENSG00000278195
22,37215738,37215891,-1,RPL39P41,ENSG00000226233
22,37225270,37259594,-1,RAC2,ENSG00000128340
22,37266176,37274650,-1,"",ENSG00000296310
22,37282027,37315346,1,CYTH4,ENSG00000100055
22,37291179,37337357,-1,"",ENSG00000298470
22,37318887,37324490,1,"",ENSG00000298537
22,37334637,37340504,1,"",ENSG00000298513
22,37339565,37427445,-1,"",ENSG00000243902
22,37339569,37355297,-1,"",ENSG00000237862
22,37367960,37427479,-1,ELFN2,ENSG00000166897
22,37371684,37372858,1,"",ENSG00000272694
22,37427212,37459110,1,"",ENSG00000298484
22,37469063,37486402,-1,MFNG,ENSG00000100060
22,37490362,37519542,-1,CARD10,ENSG00000100065
22,37522752,37546136,-1,"",ENSG00000305681
22,37549972,37551735,1,"",ENSG00000225867
22,37555112,37569764,1,CDC42EP1,ENSG00000128283
22,37570248,37582616,-1,LGALS2,ENSG00000100079
22,37578669,37578922,1,"",ENSG00000273866
22,37601940,37602722,1,"",ENSG00000310096
22,37603925,37608705,-1,"",ENSG00000298665
22,37608474,37633564,1,GGA1,ENSG00000100083
22,37634654,37656117,1,SH3BP1,ENSG00000100092
22,37639693,37666932,1,"",ENSG00000285304
22,37641832,37658377,-1,PDXP-DT,ENSG00000233360
22,37658723,37666932,1,PDXP,ENSG00000241360
22,37669464,37669739,-1,RN7SL385P,ENSG00000241333
22,37675636,37679805,1,LGALS1,ENSG00000100097
22,37676833,37677284,-1,"",ENSG00000302134
22,37681673,37693476,1,NOL12,ENSG00000273899
22,37686414,37726503,1,"",ENSG00000100101
22,37697048,37776556,1,TRIOBP,ENSG00000100106
22,37744310,37751839,-1,"",ENSG00000307365
22,37805229,37807432,1,H1-0,ENSG00000189060
22,37807872,37817386,1,GCAT,ENSG00000100116
22,37822198,37825485,1,GALR3,ENSG00000128310
22,37830853,37849327,-1,ANKRD54,ENSG00000100124
22,37844272,37844371,-1,MIR658,ENSG00000284197
22,37847678,37847774,-1,MIR659,ENSG00000207696
22,37848868,37889407,1,EIF3L,ENSG00000100129
22,37876148,37895563,1,"",ENSG00000279738
22,37885364,37895450,-1,"",ENSG00000296723
22,37891347,37891448,1,RNU6-900P,ENSG00000207227
22,37905657,37942822,1,MICALL1,ENSG00000100139
22,37943050,37944898,1,"",ENSG00000278948
22,37943050,37953669,-1,C22orf23,ENSG00000128346
22,37950965,37951778,1,"",ENSG00000272582
22,37952607,38041915,1,POLR2F,ENSG00000100142
22,37967563,37967624,1,MIR6820,ENSG00000284289
22,37970686,37987422,-1,SOX10,ENSG00000100146
22,37988794,37988853,1,MIR4534,ENSG00000284266
22,38032165,38034228,-1,"",ENSG00000222044
22,38043230,38043920,1,"",ENSG00000273214
22,38056311,38075719,1,PICK1,ENSG00000100151
22,38057180,38073940,-1,"",ENSG00000233739
22,38078134,38084184,-1,SLC16A8,ENSG00000100156
22,38084652,38111015,-1,BAIAP2L2,ENSG00000128298
22,38090127,38091559,1,"",ENSG00000272720
22,38111495,38214778,-1,PLA2G6,ENSG00000184381
22,38130216,38150612,1,"",ENSG00000279080
22,38194270,38203469,-1,"",ENSG00000298301
22,38200767,38216511,1,MAFF,ENSG00000185022
22,38219290,38273805,-1,TMEM184B,ENSG00000198792
22,38231320,38232248,1,TMEM184B-AS1,ENSG00000235246
22,38231720,38231993,1,RN7SL704P,ENSG00000241693
22,38281028,38281289,-1,"",ENSG00000277385
22,38290691,38320044,-1,CSNK1E,ENSG00000213923
22,38291918,38398522,-1,TPTEP2-CSNK1E,ENSG00000283900
22,38335300,38398929,-1,"",ENSG00000291015
22,38361381,38384096,-1,TPTEP2,ENSG00000244627
22,38387918,38388857,-1,"",ENSG00000229955
22,38408314,38423933,-1,"",ENSG00000286144
22,38424288,38432308,1,"",ENSG00000228620
22,38426327,38455639,-1,KCNJ4,ENSG00000168135
22,38434307,38436686,1,"",ENSG00000286440
22,38441894,38444278,-1,"",ENSG00000307538
22,38457322,38461677,-1,"",ENSG00000306993
22,38468043,38483447,1,KDELR3,ENSG00000100196
22,38483438,38507660,-1,DDX17,ENSG00000100201
22,38506469,38510893,1,"",ENSG00000300440
22,38518905,38570211,-1,DMC1,ENSG00000100206
22,38570264,38571213,1,"",ENSG00000300451
22,38574931,38575431,-1,RPS29P31,ENSG00000224279
22,38578118,38656629,-1,FAM227A,ENSG00000184949
22,38654073,38655547,1,"",ENSG00000293718
22,38656375,38673868,1,CBY1,ENSG00000100211
22,38666508,38668750,-1,"",ENSG00000230912
22,38667585,38681871,-1,TOMM22-DT,ENSG00000228274
22,38675876,38677800,1,"",ENSG00000287219
22,38681924,38685421,1,TOMM22,ENSG00000100216
22,38685543,38701556,-1,JOSD1,ENSG00000100221
22,38704848,38705520,-1,"",ENSG00000295107
22,38705742,38738299,1,GTPBP1,ENSG00000100226
22,38722743,38723505,-1,PRDX3P1,ENSG00000229598
22,38733280,38794143,-1,SUN2,ENSG00000100242
22,38734725,38738765,1,"",ENSG00000244491
22,38734730,38738990,1,"",ENSG00000230149
22,38736610,38736792,-1,"",ENSG00000273096
22,38739003,38749041,1,"",ENSG00000225450
22,38742625,38743115,1,"",ENSG00000272669
22,38743495,38743910,1,"",ENSG00000273076
22,38778508,38794198,-1,DNAL4,ENSG00000100246
22,38818452,38844028,-1,NPTXR,ENSG00000221890
22,38861422,38872249,-1,CBX6,ENSG00000183741
22,38871700,38925455,1,"",ENSG00000288106
22,38952741,38963184,1,APOBEC3A,ENSG00000128383
22,38953737,38954063,-1,"",ENSG00000305435
22,38961003,38964043,-1,"",ENSG00000305420
22,38982347,38992804,1,APOBEC3B,ENSG00000179750
22,38991559,38998209,-1,APOBEC3B-AS1,ENSG00000249310
22,39014224,39020352,1,APOBEC3C,ENSG00000244509
22,39014363,39033276,1,"",ENSG00000284554
22,39021113,39033277,1,APOBEC3D,ENSG00000243811
22,39027991,39040693,-1,"",ENSG00000306709
22,39040604,39055972,1,APOBEC3F,ENSG00000128394
22,39066256,39069975,1,"",ENSG00000289963
22,39070414,39070671,1,"",ENSG00000259421
22,39077059,39087743,1,APOBEC3G,ENSG00000239713
22,39091012,39092859,1,"",ENSG00000290922
22,39091586,39092110,1,"",ENSG00000225720
22,39096662,39097679,-1,"",ENSG00000306155
22,39097224,39104067,1,APOBEC3H,ENSG00000100298
22,39120167,39152719,-1,CBX7,ENSG00000100307
22,39120293,39120566,-1,COX5BP7,ENSG00000226024
22,39133090,39136760,1,"",ENSG00000279833
22,39144634,39172937,1,"",ENSG00000297177
22,39153789,39214609,-1,"",ENSG00000297155
22,39155525,39155945,1,FUNDC2P4,ENSG00000227009
22,39213283,39214498,1,"",ENSG00000297194
22,39223359,39244982,-1,PDGFB,ENSG00000100311
22,39242174,39279897,1,"",ENSG00000284633
22,39279061,39302104,-1,"",ENSG00000299144
22,39292988,39295589,1,"",ENSG00000224794
22,39300473,39301041,1,"",ENSG00000299161
22,39304470,39310161,-1,"",ENSG00000295778
22,39304529,39310611,1,"",ENSG00000295759
22,39312870,39320389,-1,RPL3,ENSG00000100316
22,39313819,39313911,-1,SNORD83B,ENSG00000209480
22,39315213,39315307,-1,SNORD83A,ENSG00000209482
22,39319050,39319113,-1,SNORD43,ENSG00000263764
22,39349909,39385588,1,SYNGR1,ENSG00000100321
22,39379610,39380015,1,"",ENSG00000280216
22,39380073,39388843,-1,"",ENSG00000294968
22,39399778,39437060,1,TAB1,ENSG00000100324
22,39447127,39492194,1,MGAT3,ENSG00000128268
22,39475807,39476822,-1,MGAT3-AS1,ENSG00000227188
22,39499432,39518132,1,MIEF1,ENSG00000100335
22,39500471,39502160,-1,"",ENSG00000303883
22,39504231,39504443,1,"",ENSG00000285025
22,39519695,39522690,1,ATF4,ENSG00000128272
22,39529088,39532767,-1,RPS19BP1,ENSG00000187051
22,39556791,39557610,-1,"",ENSG00000303612
22,39570753,39689735,1,CACNA1I,ENSG00000100346
22,39722348,39723942,-1,"",ENSG00000301075
22,39743044,39893864,-1,ENTHD1,ENSG00000176177
22,39750127,39751293,1,MTFR2P2,ENSG00000235647
22,39874255,39874515,-1,RN7SKP210,ENSG00000238875
22,39875289,39876108,1,UQCRFS1P1,ENSG00000226085
22,39893820,39894167,1,"",ENSG00000296191
22,39901084,39973721,1,GRAP2,ENSG00000100351
22,39960397,39964905,1,TMA7B,ENSG00000225528
22,39994954,40043534,1,FAM83F,ENSG00000133477
22,40042688,40044586,-1,TNRC6B-DT,ENSG00000261202
22,40044319,40044512,1,"",ENSG00000309925
22,40044817,40335808,1,TNRC6B,ENSG00000100354
22,40106325,40107066,-1,RPL7P52,ENSG00000228599
22,40260158,40276693,-1,"",ENSG00000309895
22,40346461,40390463,1,ADSL,ENSG00000239900
22,40346529,40410054,1,"",ENSG00000284431
22,40370564,40410289,1,SGSM3,ENSG00000100359
22,40372664,40388290,-1,SGSM3-AS1,ENSG00000229999
22,40410281,40636719,-1,MRTFA,ENSG00000196588
22,40415003,40415445,1,"",ENSG00000272834
22,40433136,40433641,1,"",ENSG00000227413
22,40521800,40527933,1,MRTFA-AS1,ENSG00000232564
22,40569286,40569895,1,COX6B1P3,ENSG00000172912
22,40586700,40588003,-1,RPL4P6,ENSG00000230071
22,40636981,40637745,1,"",ENSG00000301306
22,40651357,40652146,-1,"",ENSG00000303151
22,40651833,40654777,1,"",ENSG00000303129
22,40660779,40684947,-1,"",ENSG00000289292
22,40673484,40674451,-1,GAPDHP37,ENSG00000231907
22,40679273,40682812,1,MCHR1,ENSG00000128285
22,40685013,40708309,1,"",ENSG00000309667
22,40721457,40741265,1,"",ENSG00000302971
22,40769630,40819401,-1,SLC25A17,ENSG00000100372
22,40788777,40789267,-1,RFKP4,ENSG00000230769
22,40798039,40798285,1,JTBP1,ENSG00000233603
22,40813883,40813958,-1,MIR4766,ENSG00000266594
22,40824535,40856690,-1,ST13,ENSG00000100380
22,40856128,40856618,1,"",ENSG00000305592
22,40857077,40932815,1,XPNPEP3,ENSG00000196236
22,40859549,40862113,-1,DNAJB7,ENSG00000172404
22,40917111,40917381,1,"",ENSG00000273979
22,40917743,40917846,1,RNU6-379P,ENSG00000200683
22,40951277,40973539,1,RBX1,ENSG00000100387
22,40977056,41021958,-1,"",ENSG00000304944
22,41045497,41045591,1,"",ENSG00000222698
22,41064052,41064633,1,RPS9P2,ENSG00000237214
22,41065554,41065646,-1,"",ENSG00000199515
22,41074180,41075239,-1,ACTBP15,ENSG00000213857
22,41087019,41092847,-1,"",ENSG00000296654
22,41091816,41180077,1,EP300,ENSG00000100393
22,41092513,41092566,1,MIR1281,ENSG00000284015
22,41141367,41197520,-1,EP300-AS1,ENSG00000231993
22,41168217,41168316,1,RNU6-375P,ENSG00000252859
22,41189727,41190188,-1,LRRC37A14P,ENSG00000215771
22,41205282,41231273,1,L3MBTL2,ENSG00000100395
22,41207592,41228500,-1,L3MBTL2-AS1,ENSG00000235513
22,41229510,41240931,-1,CHADL,ENSG00000100399
22,41244779,41286272,-1,RANGAP1,ENSG00000100401
22,41252992,41253050,-1,MIR6889,ENSG00000274552
22,41286428,41287373,1,"",ENSG00000304876
22,41301457,41360155,1,ZC3H7B,ENSG00000100403
22,41366135,41381281,-1,"",ENSG00000298609
22,41367333,41399326,1,TEF,ENSG00000167074
22,41377177,41377283,-1,RNU6-495P,ENSG00000199865
22,41414042,41423304,1,"",ENSG00000301754
22,41430934,41431375,1,"",ENSG00000273424
22,41433489,41446801,-1,TOB2,ENSG00000183864
22,41446935,41447749,1,"",ENSG00000289841
22,41447830,41529273,1,ACO2,ENSG00000100412
22,41447871,41448570,-1,"",ENSG00000301767
22,41459705,41468711,-1,PHF5A,ENSG00000100410
22,41525799,41544606,-1,POLR3H,ENSG00000100413
22,41551699,41561009,-1,"",ENSG00000286491
22,41555849,41556510,1,"",ENSG00000297861
22,41560858,41577741,1,CSDC2,ENSG00000172346
22,41576896,41595275,-1,PMM1,ENSG00000100417
22,41598028,41621081,-1,DESI1,ENSG00000100418
22,41620786,41664087,1,XRCC6,ENSG00000196419
22,41648089,41648190,-1,"",ENSG00000200332
22,41673933,41690504,-1,SNU13,ENSG00000100138
22,41676745,41677125,-1,"",ENSG00000285531
22,41679711,41679817,1,RNU6-476P,ENSG00000207457
22,41688877,41698136,1,C22orf46P,ENSG00000293428
22,41690628,41698136,1,C22orf46P,ENSG00000184208
22,41699503,41799456,1,MEI1,ENSG00000167077
22,41709225,41709489,-1,HMGN2P10,ENSG00000231261
22,41722043,41722131,-1,RNU6ATAC22P,ENSG00000252603
22,41747312,41747413,1,"",ENSG00000206813
22,41800321,41832172,1,CCDC134,ENSG00000100147
22,41831215,41834665,-1,SREBF2-AS1,ENSG00000184068
22,41833099,41907308,1,SREBF2,ENSG00000198911
22,41900944,41901012,1,MIR33A,ENSG00000207932
22,41909543,41915074,-1,SHISA8,ENSG00000234965
22,41913490,41916104,1,"",ENSG00000304470
22,41922032,41926806,-1,TNFRSF13C,ENSG00000159958
22,41923222,41923297,-1,MIR378I,ENSG00000283829
22,41927514,41947183,-1,CENPM,ENSG00000100162
22,41947178,41958942,1,SMIM45,ENSG00000205704
22,41969443,41998221,1,SEPTIN3,ENSG00000100167
22,41981304,41982217,-1,"",ENSG00000224883
22,41989161,41998684,-1,"",ENSG00000301540
22,41998725,42058456,1,WBP2NL,ENSG00000183066
22,42000201,42001991,-1,"",ENSG00000293202
22,42001069,42001966,-1,SLC25A5P1,ENSG00000215347
22,42058334,42071198,-1,NAGA,ENSG00000198951
22,42070949,42071488,1,"",ENSG00000286659
22,42073789,42079439,1,PHETA2,ENSG00000177096
22,42076058,42076161,-1,SNORD13P1,ENSG00000238498
22,42079070,42079950,-1,"",ENSG00000309045
22,42079564,42088243,1,SMDT1,ENSG00000183172
22,42085526,42090884,-1,NDUFA6,ENSG00000184983
22,42089630,42090028,-1,"",ENSG00000270083
22,42090931,42137742,1,NDUFA6-DT,ENSG00000237037
22,42107765,42108953,-1,OLA1P1,ENSG00000213790
22,42125962,42131236,-1,CYP2D6,ENSG00000100197
22,42132543,42132998,1,"",ENSG00000227370
22,42136433,42139927,-1,"",ENSG00000232710
22,42138060,42139726,1,"",ENSG00000281538
22,42140203,42149500,-1,CYP2D7,ENSG00000205702
22,42149832,42152501,-1,"",ENSG00000303069
22,42149886,42155001,-1,CYP2D8P,ENSG00000226450
22,42160013,42343616,-1,TCF20,ENSG00000100207
22,42183827,42207600,-1,"",ENSG00000288719
22,42269703,42279534,1,OGFRP1,ENSG00000182057
22,42363671,42369300,-1,LINC01315,ENSG00000229891
22,42380407,42432403,-1,NFAM1,ENSG00000235568
22,42436875,42437984,-1,"",ENSG00000299904
22,42437710,42450848,1,"",ENSG00000230107
22,42500254,42512564,1,SERHL,ENSG00000293485
22,42500671,42512237,1,SERHL,ENSG00000172250
22,42502024,42503347,-1,"",ENSG00000295474
22,42507982,42519853,-1,RRP7A,ENSG00000189306
22,42519303,42530333,1,"",ENSG00000295412
22,42553617,42574387,1,SERHL2,ENSG00000183569
22,42555212,42582039,-1,RRP7BP,ENSG00000291035
22,42565048,42565330,-1,RN7SKP80,ENSG00000202058
22,42569147,42569250,-1,RNU6-513P,ENSG00000251913
22,42574733,42582001,-1,RRP7BP,ENSG00000182841
22,42581083,42584588,1,"",ENSG00000295452
22,42583717,42614962,-1,POLDIP3,ENSG00000100227
22,42583836,42627688,-1,"",ENSG00000289517
22,42608732,42612662,-1,"",ENSG00000295434
22,42614636,42626375,1,"",ENSG00000270022
22,42615244,42615393,1,RNU12,ENSG00000276027
22,42615730,42720870,-1,CYB5R3,ENSG00000100243
22,42639803,42640601,-1,ATP5MGL,ENSG00000249222
22,42691010,42721298,-1,A4GALT,ENSG00000128274
22,42742802,42744787,-1,"",ENSG00000303951
22,42762860,42762959,-1,"",ENSG00000200448
22,42776406,42777296,-1,RPL5P34,ENSG00000234009
22,42784462,42787100,1,GOLGA2P4,ENSG00000229608
22,42785230,42795688,1,"",ENSG00000307819
22,42787588,42791148,-1,"",ENSG00000307847
22,42791814,42794313,-1,ADAMTS7P5,ENSG00000274717
22,42796502,42858106,-1,ARFGAP3,ENSG00000242247
22,42835412,43015185,-1,PACSIN2,ENSG00000100266
22,42853403,42853799,-1,COA1P1,ENSG00000226989
22,42857027,42872515,1,"",ENSG00000307798
22,43015375,43058506,1,TTLL1-AS1,ENSG00000230319
22,43039516,43089427,-1,TTLL1,ENSG00000100271
22,43092167,43092524,1,RPS25P10,ENSG00000234735
22,43110748,43129712,1,BIK,ENSG00000100290
22,43132209,43143398,-1,MCAT,ENSG00000100294
22,43151077,43163246,1,TSPO,ENSG00000100300
22,43166622,43187134,-1,TTLL12,ENSG00000100304
22,43197280,43343375,-1,SCUBE1,ENSG00000159307
22,43212674,43213661,1,SCUBE1-AS2,ENSG00000236272
22,43232141,43239010,1,"",ENSG00000234892
22,43275955,43283830,1,SCUBE1-AS1,ENSG00000203527
22,43373103,43393260,-1,"",ENSG00000299223
22,43399604,43409728,1,LINC01639,ENSG00000236117
22,43411196,43507850,1,MPPED1,ENSG00000186732
22,43507824,43513727,-1,"",ENSG00000286801
22,43516107,43560063,1,EFCAB6-AS1,ENSG00000223843
22,43528744,43812337,-1,EFCAB6,ENSG00000186976
22,43759199,43759910,-1,"",ENSG00000233157
22,43776660,43782143,1,"",ENSG00000299489
22,43802544,43802772,1,HMGN2P9,ENSG00000180150
22,43811869,43817906,1,EFCAB6-DT,ENSG00000261251
22,43820705,43825944,1,"",ENSG00000299503
22,43824509,43862513,-1,SULT4A1,ENSG00000130540
22,43842564,43843281,1,"",ENSG00000299520
22,43878568,43892494,-1,PNPLA5,ENSG00000100341
22,43922897,43924624,-1,"",ENSG00000304926
22,43923781,43964488,1,PNPLA3,ENSG00000100344
22,43955399,44010531,1,SAMM50,ENSG00000100347
22,43957027,43957348,1,RPL35AP36,ENSG00000224856
22,43999211,44172939,1,PARVB,ENSG00000188677
22,44102779,44116232,1,"",ENSG00000279175
22,44139365,44153626,1,"",ENSG00000280434
22,44172956,44219533,1,PARVG,ENSG00000138964
22,44181200,44182704,-1,"",ENSG00000298339
22,44183031,44187739,-1,"",ENSG00000279933
22,44210442,44229512,-1,"",ENSG00000280011
22,44243665,44312951,-1,SHISAL1,ENSG00000138944
22,44312936,44315159,1,"",ENSG00000298486
22,44337460,44340286,1,"",ENSG00000296820
22,44352888,44354626,1,"",ENSG00000296842
22,44365551,44366284,1,"",ENSG00000220702
22,44368978,44411721,-1,"",ENSG00000301322
22,44413485,44414814,-1,SKP1P4,ENSG00000236079
22,44443290,44444793,1,LINC01656,ENSG00000232655
22,44483495,44483717,-1,MRPS18CP6,ENSG00000228807
22,44486295,44486914,-1,"",ENSG00000279642
22,44492583,44498233,-1,RTL6,ENSG00000188636
22,44566965,44568247,1,KRT18P23,ENSG00000215333
22,44569285,44572468,1,LINC00207,ENSG00000187012
22,44606289,44625431,-1,LINC00229,ENSG00000234300
22,44624072,44624796,1,"",ENSG00000308520
22,44651835,44652379,1,ANP32BP2,ENSG00000231801
22,44660880,44668470,-1,"",ENSG00000297748
22,44668547,44737681,1,PRR5,ENSG00000186654
22,44675743,44676971,-1,"",ENSG00000306608
22,44702233,44862706,1,PRR5-ARHGAP8,ENSG00000248405
22,44706260,44710768,-1,"",ENSG00000309628
22,44752547,44862788,1,ARHGAP8,ENSG00000241484
22,44881162,45010022,-1,PHF21B,ENSG00000056487
22,44901547,44902471,1,"",ENSG00000293370
22,44901592,44902430,1,RPL6P28,ENSG00000223730
22,45000565,45003619,-1,"",ENSG00000230922
22,45024161,45074205,-1,"",ENSG00000308760
22,45072522,45091185,1,"",ENSG00000308781
22,45133020,45163862,-1,NUP50-DT,ENSG00000226328
22,45155539,45156011,-1,"",ENSG00000273243
22,45163925,45188017,1,NUP50,ENSG00000093000
22,45178990,45179310,1,"",ENSG00000273353
22,45192244,45240944,-1,KIAA0930,ENSG00000100364
22,45200954,45201019,-1,MIR1249,ENSG00000221598
22,45246605,45246945,1,"",ENSG00000293744
22,45254431,45269169,-1,"",ENSG00000273287
22,45268313,45269063,1,"",ENSG00000298378
22,45273650,45284828,-1,"",ENSG00000301739
22,45275599,45276085,1,"",ENSG00000213752
22,45284924,45295874,1,UPK3A,ENSG00000100373
22,45308968,45342824,1,FAM118A,ENSG00000100376
22,45344063,45413619,-1,SMC1B,ENSG00000077935
22,45413693,45432509,1,RIBC2,ENSG00000128408
22,45435692,45448743,-1,"",ENSG00000232363
22,45502238,45601981,1,FBLN1,ENSG00000077942
22,45604413,45639173,-1,LINC01589,ENSG00000238120
22,45624531,45624632,-1,RNU6-1161P,ENSG00000251985
22,45639639,45656759,1,"",ENSG00000307862
22,45657019,45680130,1,"",ENSG00000280383
22,45671798,45845307,1,ATXN10,ENSG00000130638
22,45760524,45760598,1,MIR4762,ENSG00000264160
22,45792418,45793636,-1,TRNT1P2,ENSG00000235347
22,45864600,45865179,1,"",ENSG00000294602
22,45875932,45894416,1,"",ENSG00000279954
22,45875967,45891465,-1,"",ENSG00000235091
22,45909555,45911792,-1,"",ENSG00000297345
22,45920366,45977162,-1,WNT7B,ENSG00000188064
22,46006616,46010777,1,"",ENSG00000280424
22,46010951,46014320,-1,"",ENSG00000293884
22,46013240,46015503,1,"",ENSG00000273145
22,46020769,46028081,-1,"",ENSG00000300548
22,46036104,46041098,1,"",ENSG00000303445
22,46039907,46048412,-1,LINC00899,ENSG00000231711
22,46044913,46116382,1,MIRLET7BHG,ENSG00000197182
22,46049478,46054144,-1,PRR34,ENSG00000182257
22,46055740,46058160,-1,"",ENSG00000231010
22,46062901,46063814,1,"",ENSG00000303537
22,46067061,46071539,-1,LINC02939,ENSG00000235159
22,46069752,46070807,1,"",ENSG00000289044
22,46080557,46081995,-1,"",ENSG00000303516
22,46083504,46085878,-1,"",ENSG00000303492
22,46091044,46091126,1,MIR3619,ENSG00000266533
22,46112749,46112822,1,MIRLET7A3,ENSG00000283990
22,46113566,46113657,1,MIR4763,ENSG00000284175
22,46113686,46113768,1,MIRLET7B,ENSG00000284520
22,46129589,46144031,1,"",ENSG00000310052
22,46134666,46151394,-1,"",ENSG00000310037
22,46149924,46243755,1,PPARA,ENSG00000186951
22,46161037,46172233,-1,"",ENSG00000310070
22,46163303,46165347,1,"",ENSG00000280384
22,46244011,46250311,-1,CDPF1,ENSG00000205643
22,46245907,46255719,1,"",ENSG00000310243
22,46250385,46252188,1,"",ENSG00000289858
22,46255663,46263343,-1,PKDREJ,ENSG00000130943
22,46267961,46295097,1,TTC38,ENSG00000075234
22,46295143,46296660,-1,GTSE1-DT,ENSG00000277232
22,46296870,46330810,1,GTSE1,ENSG00000075218
22,46330875,46357344,1,TRMU,ENSG00000100416
22,46360834,46537620,-1,CELSR1,ENSG00000075275
22,46376983,46384775,1,"",ENSG00000297903
22,46481329,46481760,-1,FAM136EP,ENSG00000230634
22,46537892,46557010,1,LINC02925,ENSG00000234869
22,46540752,46561662,-1,"",ENSG00000306064
22,46575644,46679790,1,GRAMD4,ENSG00000075240
22,46590530,46592888,1,"",ENSG00000299567
22,46684410,46738267,-1,CERK,ENSG00000100422
22,46746105,46749412,-1,"",ENSG00000300169
22,46761879,46762613,-1,TBC1D22A-DT,ENSG00000260708
22,46762617,47175699,1,TBC1D22A,ENSG00000054611
22,46914092,46916042,-1,TBC1D22A-AS1,ENSG00000280080
22,47115838,47117215,-1,"",ENSG00000278881
22,47128918,47130046,-1,"",ENSG00000302054
22,47230627,47231962,-1,"",ENSG00000296742
22,47259366,47261007,1,"",ENSG00000280312
22,47329227,47373541,1,"",ENSG00000224715
22,47372961,47373702,-1,"",ENSG00000303026
22,47402297,47488149,-1,LINC01644,ENSG00000218357
22,47612231,47631569,-1,LINC00898,ENSG00000205634
22,47630827,48023004,1,EPIC1,ENSG00000224271
22,47632599,47633595,-1,"",ENSG00000305190
22,47662559,47663603,-1,"",ENSG00000232897
22,47897165,47897564,-1,"",ENSG00000305206
22,47916728,47926264,1,"",ENSG00000279712
22,48044710,48048549,-1,"",ENSG00000235154
22,48052646,48058275,1,"",ENSG00000278890
22,48139458,48141253,-1,"",ENSG00000238192
22,48141404,48143279,1,"",ENSG00000229275
22,48167171,48210333,-1,"",ENSG00000306452
22,48254903,48259116,-1,"",ENSG00000285707
22,48274364,48274415,1,MIR3201,ENSG00000266508
22,48278174,48279679,-1,"",ENSG00000305333
22,48320412,48333199,-1,"",ENSG00000288540
22,48320639,48321540,1,"",ENSG00000304445
22,48340001,48340773,1,"",ENSG00000299267
22,48341555,48342700,1,"",ENSG00000306130
22,48341567,48343977,-1,"",ENSG00000306112
22,48345336,48350754,-1,"",ENSG00000296627
22,48403462,48415571,1,"",ENSG00000285855
22,48448890,48468515,1,"",ENSG00000233179
22,48474135,48489324,-1,"",ENSG00000287225
22,48488060,48489058,1,"",ENSG00000297505
22,48489431,48850912,1,TAFA5,ENSG00000219438
22,48538900,48547409,-1,"",ENSG00000281732
22,48584381,48584636,1,"",ENSG00000294606
22,48780295,48780353,1,MIR4535,ENSG00000266887
22,48866770,48898386,1,LINC01310,ENSG00000205632
22,48958442,48974823,-1,"",ENSG00000299733
22,49036843,49045976,1,"",ENSG00000307761
22,49043919,49052549,-1,NHIP,ENSG00000286381
22,49147460,49156815,-1,"",ENSG00000296052
22,49166421,49188062,-1,"",ENSG00000285623
22,49213911,49214247,-1,RPL35P8,ENSG00000226142
22,49264201,49266080,1,"",ENSG00000280199
22,49284867,49304842,-1,"",ENSG00000300754
22,49352495,49354431,1,"",ENSG00000300226
22,49359024,49364008,-1,"",ENSG00000304424
22,49369372,49377131,1,"",ENSG00000285722
22,49414523,49658432,-1,MIR3667HG,ENSG00000188511
22,49460831,49462753,1,"",ENSG00000303177
22,49497483,49524386,1,"",ENSG00000298026
22,49500568,49501585,1,"",ENSG00000280224
22,49526111,49530415,1,"",ENSG00000298068
22,49534062,49534926,1,"",ENSG00000279597
22,49536556,49541598,-1,"",ENSG00000298045
22,49543393,49543466,-1,MIR3667,ENSG00000264139
22,49548681,49556473,1,"",ENSG00000212939
22,49572264,49575427,-1,"",ENSG00000213279
22,49575623,49576120,1,"",ENSG00000298130
22,49614897,49616165,1,"",ENSG00000298102
22,49630265,49631394,1,"",ENSG00000288834
22,49660056,49662007,1,"",ENSG00000298965
22,49662312,49664968,-1,"",ENSG00000286393
22,49668698,49669409,-1,"",ENSG00000307928
22,49718053,49724506,-1,"",ENSG00000226954
22,49738677,49739003,1,RN7SKP252,ENSG00000223142
22,49757627,49758980,-1,RPL5P35,ENSG00000214727
22,49773278,49827944,-1,BRD1,ENSG00000100425
22,49805452,49807208,1,"",ENSG00000279345
22,49817248,49817712,1,"",ENSG00000236867
22,49832449,49838901,-1,"",ENSG00000260613
22,49845260,49848697,-1,"",ENSG00000309455
22,49845929,49846090,1,"",ENSG00000229409
22,49846456,49846720,1,"",ENSG00000277771
22,49851425,49853364,1,"",ENSG00000279494
22,49853827,49897383,1,ZBED4,ENSG00000100426
22,49900229,49918458,-1,ALG12,ENSG00000182858
22,49902228,49904576,1,"",ENSG00000273192
22,49917989,49927544,1,CRELD2,ENSG00000184164
22,49933184,49935331,-1,"",ENSG00000278869
22,49934414,49935203,1,"",ENSG00000304008
22,49947203,49949105,-1,"",ENSG00000297074
22,49951368,49952531,1,"",ENSG00000301505
22,49952577,49955116,1,"",ENSG00000299581
22,49960463,49964075,1,PIM3,ENSG00000198355
22,49962866,49962939,1,MIR6821,ENSG00000276753
22,49971033,49971317,1,"",ENSG00000300623
22,49991811,50012765,-1,IL17REL,ENSG00000188263
22,50018575,50058298,-1,TTLL8,ENSG00000138892
22,50059391,50085969,-1,MLC1,ENSG00000100427
22,50090006,50161690,1,MOV10L1,ENSG00000073146
22,50092745,50096437,1,"",ENSG00000280395
22,50170731,50180295,1,PANX2,ENSG00000073150
22,50184717,50199600,1,TRABD,ENSG00000170638
22,50191724,50192402,-1,"",ENSG00000273188
22,50199049,50201596,-1,TRABD-AS1,ENSG00000273253
22,50201011,50217616,1,SELENOO,ENSG00000073169
22,50205585,50206062,-1,"",ENSG00000272836
22,50208461,50209542,-1,SELENOO-AS1,ENSG00000273137
22,50217688,50245028,-1,TUBGCP6,ENSG00000128159
22,50244610,50247122,1,"",ENSG00000288871
22,50245183,50251405,-1,HDAC10,ENSG00000100429
22,50245450,50261734,-1,MAPK12,ENSG00000188130
22,50263713,50270767,-1,MAPK11,ENSG00000185386
22,50271905,50274135,1,"",ENSG00000294313
22,50274978,50307695,-1,PLXNB2,ENSG00000196576
22,50309030,50327521,-1,DENND6B,ENSG00000205593
22,50314631,50316008,1,"",ENSG00000227484
22,50316035,50317025,1,"",ENSG00000279182
22,50343300,50445090,1,PPP6R2,ENSG00000100239
22,50443219,50483923,-1,SBF1,ENSG00000100241
22,50481543,50486440,1,ADM2,ENSG00000128165
22,50486784,50490648,1,MIOX,ENSG00000100253
22,50502947,50507732,-1,LMF2,ENSG00000100258
22,50508213,50524780,1,NCAPH2,ENSG00000025770
22,50523564,50526461,-1,SCO2,ENSG00000284194
22,50523926,50524780,1,"",ENSG00000272821
22,50525752,50530326,-1,TYMP,ENSG00000025708
22,50529710,50532520,-1,CIMAP1B,ENSG00000177989
22,50531072,50539152,1,"",ENSG00000296451
22,50537708,50539664,-1,"",ENSG00000296469
22,50541108,50543042,1,"",ENSG00000273272
22,50541491,50541847,-1,"",ENSG00000289947
22,50542299,50548994,-1,KLHDC7B-DT,ENSG00000272666
22,50545899,50551023,1,KLHDC7B,ENSG00000130487
22,50551112,50562919,-1,SYCE3,ENSG00000217442
22,50568856,50578681,-1,CPT1B,ENSG00000205560
22,50568869,50582965,-1,CHKB-CPT1B,ENSG00000254413
22,50578959,50601455,-1,CHKB,ENSG00000100288
22,50583026,50597599,1,CHKB-DT,ENSG00000205559
22,50600677,50613981,1,MAPK8IP2,ENSG00000008735
22,50622754,50628177,-1,ARSA,ENSG00000100299
22,50628243,50636006,1,"",ENSG00000289244
22,50641978,50653123,1,"",ENSG00000308444
22,50664426,50674856,-1,"",ENSG00000301328
22,50669804,50669901,1,"",ENSG00000212569
22,50672714,50674336,1,"",ENSG00000286508
22,50674408,50733212,1,SHANK3,ENSG00000251322
22,50691260,50691363,-1,RNU6-409P,ENSG00000206841
22,50735813,50738173,-1,"",ENSG00000225929
22,50738196,50745339,1,ACR,ENSG00000100312
22,50740593,50743520,-1,"",ENSG00000254499
22,50754675,50755434,-1,SNRPA1P2,ENSG00000213683
22,50756831,50801309,1,"",ENSG00000291064
22,50767491,50783760,-1,RABL2B,ENSG00000079974
22,50797082,50798991,-1,"",ENSG00000307555
22,50798655,50799123,1,RPL23AP82,ENSG00000184319
6,28448581,28489517,-1,"",ENSG00000287804
6,28489579,28491661,1,"",ENSG00000286819
6,28503296,28528215,-1,GPX6,ENSG00000198704
6,28512615,28514149,1,"",ENSG00000306829
6,28525881,28534955,1,GPX5,ENSG00000224586
6,28570535,28616212,-1,SCAND3,ENSG00000232040
6,28587378,28591747,1,ZBED9-AS1,ENSG00000246350
6,28633381,28633594,-1,COX8CP1,ENSG00000271440
6,28634783,28653506,1,"",ENSG00000287279
6,28638434,28639173,-1,"",ENSG00000304871
6,28647356,28710117,-1,LINC00533,ENSG00000235570
6,28694269,28695241,1,"",ENSG00000304852
6,28732017,28732904,1,RPSAP2,ENSG00000237425
6,28737962,28825112,1,"",ENSG00000307816
6,28775058,28776353,-1,"",ENSG00000307837
6,28783633,28784004,-1,NOP56P1,ENSG00000235559
6,28788697,28789580,-1,"",ENSG00000307858
6,28836783,28839238,-1,"",ENSG00000225173
6,28859625,28864630,-1,LINC01623,ENSG00000225595
6,28861416,28862047,1,RPL13P,ENSG00000213916
6,28865335,28865922,-1,"",ENSG00000300690
6,28888832,28889906,-1,ZNF90P2,ENSG00000233366
6,28894735,28895640,-1,"",ENSG00000299124
6,28896428,28897322,1,HCG14,ENSG00000224157
6,28903002,28923988,-1,TRIM27,ENSG00000204713
6,28915645,28915744,1,RNU6-930P,ENSG00000212240
6,28922706,28944717,1,LINC01556,ENSG00000204709
6,28948744,28949345,-1,"",ENSG00000297763
6,28952652,28953989,-1,"",ENSG00000305894
6,28958942,28959841,1,"",ENSG00000308762
6,28969130,28970460,-1,KRT18P1,ENSG00000228666
6,28977475,28977773,1,RN7SL471P,ENSG00000263426
6,28984724,29007931,1,HCG15,ENSG00000227214
6,28994040,29005648,-1,ZNF311,ENSG00000197935
6,29021982,29036042,-1,"",ENSG00000305104
6,29026680,29027607,-1,OR2AD1P,ENSG00000223677
6,29035991,29090485,1,OR2W1-AS1,ENSG00000277661
6,29044213,29045175,-1,OR2W1,ENSG00000204704
6,29071824,29072599,-1,OR2P1P,ENSG00000236909
6,29076573,29077168,-1,SAR1AP1,ENSG00000228364
6,29086208,29087313,-1,OR2B3,ENSG00000204703
6,29099490,29102701,1,OR2J1,ENSG00000204702
6,29108058,29114770,1,OR2J3,ENSG00000204701
6,29124141,29128982,1,"",ENSG00000227206
6,29137410,29142934,-1,"",ENSG00000290479
6,29137880,29138816,-1,OR2N1P,ENSG00000203492
6,29142963,29159834,-1,"",ENSG00000308418
6,29162475,29166201,-1,"",ENSG00000284656
6,29165631,29292963,1,LINC03003,ENSG00000290496
6,29170907,29175811,1,OR2J2,ENSG00000204700
6,29181510,29182445,1,OR2J4P,ENSG00000224233
6,29212886,29216933,1,"",ENSG00000290478
6,29215236,29216179,1,OR2H4P,ENSG00000230598
6,29229227,29230157,-1,OR2G1P,ENSG00000213911
6,29230701,29236425,-1,"",ENSG00000295878
6,29262703,29264079,-1,OR2U1P,ENSG00000204697
6,29268462,29269421,-1,OR2U2P,ENSG00000242524
6,29290442,29334469,-1,"",ENSG00000295863
6,29290711,29291653,1,OR2B4P,ENSG00000197171
6,29301701,29313017,1,OR14J1,ENSG00000204695
6,29329626,29331061,-1,DDX6P1,ENSG00000230056
6,29353749,29431967,-1,OR5V1,ENSG00000243729
6,29373423,29375291,-1,OR12D3,ENSG00000112462
6,29395631,29398008,1,OR12D2,ENSG00000280236
6,29414928,29418905,1,OR12D1,ENSG00000251608
6,29425504,29457071,-1,OR11A1,ENSG00000204694
6,29439306,29440977,1,OR10C1,ENSG00000206474
6,29450210,29450558,1,"",ENSG00000277881
6,29457155,29464328,1,OR2H1,ENSG00000204688
6,29464596,29469806,-1,UBDP1,ENSG00000225797
6,29475025,29476071,-1,MAS1LP1,ENSG00000230164
6,29475464,29490408,1,"",ENSG00000299453
6,29485157,29494226,-1,"",ENSG00000289203
6,29486697,29487956,-1,MAS1L,ENSG00000204687
6,29489271,29489676,-1,RPS17P1,ENSG00000213900
6,29497344,29510558,1,LINC02829,ENSG00000229274
6,29528721,29533665,1,LINC01015,ENSG00000224582
6,29537704,29538787,-1,GPR53P,ENSG00000229281
6,29550407,29557773,1,OR2I1,ENSG00000237988
6,29555515,29559732,-1,UBD,ENSG00000213886
6,29555629,29633976,-1,GABBR1,ENSG00000204681
6,29573909,29574836,1,OR2H5P,ENSG00000232173
6,29577459,29577748,1,TMEM183AP1,ENSG00000227609
6,29582249,29582332,1,SNORD32B,ENSG00000201330
6,29582508,29583025,1,RPL13AP,ENSG00000231301
6,29585121,29590500,1,OR2H2,ENSG00000204657
6,29628871,29629828,1,"",ENSG00000309476
6,29635416,29656004,-1,"",ENSG00000301820
6,29636060,29636343,-1,SUMO2P1,ENSG00000235238
6,29656598,29674431,1,MOG,ENSG00000204655
6,29672483,29681155,-1,ZFP57,ENSG00000204644
6,29685959,29710174,1,"",ENSG00000310484
6,29707518,29828496,-1,HLA-F-AS1,ENSG00000214922
6,29708125,29708547,-1,ZDHHC20P1,ENSG00000233916
6,29722738,29738528,1,HLA-F,ENSG00000204642
6,29722981,29723971,-1,"",ENSG00000225864
6,29726669,29727139,-1,RPL23AP1,ENSG00000239257
6,29741731,29748969,-1,MICE,ENSG00000273340
6,29748289,29748513,1,HCG9P5,ENSG00000227758
6,29750371,29750472,1,"",ENSG00000199290
6,29750729,29751148,-1,IFITM4P,ENSG00000235821
6,29751965,29752207,-1,"",ENSG00000272236
6,29752560,29768219,1,"",ENSG00000285761
6,29763258,29763392,-1,"",ENSG00000270896
6,29790954,29805501,1,HLA-V,ENSG00000290710
6,29791753,29792750,-1,HCG4,ENSG00000176998
6,29792234,29793136,1,HLA-V,ENSG00000181126
6,29800415,29802425,1,HLA-P,ENSG00000261548
6,29803195,29803991,-1,RPL7AP7,ENSG00000213880
6,29812565,29812696,-1,MICG,ENSG00000237042
6,29826967,29831125,1,HLA-G,ENSG00000204632
6,29827385,29828364,-1,HCG4P8,ENSG00000229142
6,29849550,29885615,-1,"",ENSG00000290870
6,29852363,29852491,-1,"",ENSG00000285799
6,29862624,30067051,-1,POLR1HASP,ENSG00000293508
6,29871895,29873783,-1,HCP5B,ENSG00000281831
6,29887294,29888268,-1,"",ENSG00000230521
6,29887565,29924658,1,HLA-H,ENSG00000310469
6,29887752,29890482,1,HLA-H,ENSG00000206341
6,29896654,29897786,1,HLA-T,ENSG00000231130
6,29906543,29906909,1,DDX39BP1,ENSG00000233677
6,29907783,29908645,-1,MCCD1P1,ENSG00000235963
6,29924693,29927151,-1,"",ENSG00000310508
6,29925918,29930754,1,"",ENSG00000310496
6,29925983,29926973,-1,HCG4B,ENSG00000227262
6,29926459,29929232,1,HLA-K,ENSG00000230795
6,29934101,29934286,1,HLA-U,ENSG00000228078
6,29941260,29949572,1,HLA-A,ENSG00000206503
6,29942075,29943067,-1,"",ENSG00000227766
6,29956596,29958570,1,HLA-W,ENSG00000235290
6,29956613,29992435,1,"",ENSG00000310474
6,29970801,29972464,-1,MICD,ENSG00000229390
6,29975112,29978586,1,HCG9,ENSG00000204625
6,29993075,29994141,1,"",ENSG00000310512
6,29993209,29993605,1,DDX39BP2,ENSG00000238024
6,29994437,29995314,-1,MCCD1P2,ENSG00000224312
6,30005971,30009970,1,"",ENSG00000290574
6,30006121,30007116,-1,"",ENSG00000237669
6,30006606,30009539,1,HLA-J,ENSG00000204622
6,30031713,30033003,1,ETF1P1,ENSG00000232757
6,30035916,30035983,1,"",ENSG00000278104
6,30056965,30058612,-1,POLR1HASP,ENSG00000204623
6,30058115,30058190,1,"",ENSG00000275856
6,30058899,30064909,1,POLR1H,ENSG00000066379
6,30061080,30061183,1,"",ENSG00000278773
6,30066709,30070333,1,PPP1R11,ENSG00000204619
6,30070266,30075849,-1,RNF39,ENSG00000204618
6,30100827,30114724,1,TRIM31-AS1,ENSG00000231226
6,30102886,30113090,-1,TRIM31,ENSG00000204616
6,30132805,30132966,-1,"",ENSG00000252228
6,30136028,30151592,1,TRIM40,ENSG00000204614
6,30151943,30161211,-1,TRIM10,ENSG00000204613
6,30163194,30173160,1,TRIM15,ENSG00000204610
6,30184446,30213435,-1,TRIM26,ENSG00000234127
6,30186798,30188614,-1,PAIP1P1,ENSG00000233892
6,30223522,30327401,-1,HCG18,ENSG00000231074
6,30238301,30242279,1,TRIM26BP,ENSG00000236475
6,30259548,30293016,1,HLA-L,ENSG00000291097
6,30259625,30261703,1,HLA-L,ENSG00000243753
6,30282349,30286054,-1,"",ENSG00000280128
6,30325880,30344265,1,TRIM39,ENSG00000204599
6,30328907,30346854,1,TRIM39-RPP21,ENSG00000248167
6,30345125,30346884,1,RPP21,ENSG00000241370
6,30351416,30351550,1,HLA-N,ENSG00000224372
6,30359278,30359911,-1,HCG19P,ENSG00000224486
6,30363112,30364280,-1,UBQLN1P1,ENSG00000236405
6,30414715,30419319,1,MICC,ENSG00000226577
6,30451139,30456212,1,"",ENSG00000286301
6,30453105,30453844,-1,"",ENSG00000305795
6,30460825,30481659,-1,"",ENSG00000288805
6,30463836,30465909,1,"",ENSG00000299674
6,30466452,30467994,1,TMPOP1,ENSG00000229068
6,30468882,30470251,1,SUCLA2P1,ENSG00000224936
6,30485940,30486590,1,RANP1,ENSG00000236603
6,30489503,30494205,1,HLA-E,ENSG00000204592
6,30505878,30516328,-1,"",ENSG00000303124
6,30516266,30519672,1,LINC02569,ENSG00000235781
6,30541381,30556603,-1,GNL1,ENSG00000204590
6,30557094,30557232,-1,"",ENSG00000308190
6,30557274,30563723,1,PRR3,ENSG00000204576
6,30558091,30571289,-1,"",ENSG00000290047
6,30571393,30597179,1,ABCF1,ENSG00000204574
6,30584332,30584417,1,MIR877,ENSG00000216101
6,30600400,30618612,-1,PPP1R10,ENSG00000204569
6,30617823,30626398,1,MRPS18B,ENSG00000204568
6,30626842,30646835,1,ATAT1,ENSG00000137343
6,30633632,30633956,1,PTMAP1,ENSG00000228415
6,30647033,30653210,1,C6orf136,ENSG00000204564
6,30653119,30673013,-1,DHX16,ENSG00000204560
6,30676389,30687895,-1,PPP1R18,ENSG00000146112
6,30688047,30691420,-1,NRM,ENSG00000137404
6,30696806,30697535,-1,RPL7P4,ENSG00000230449
6,30699807,30717562,-1,MDC1,ENSG00000137337
6,30703067,30713184,1,MDC1-AS1,ENSG00000224328
6,30717435,30725538,1,TUBB,ENSG00000196230
6,30723105,30723877,-1,"",ENSG00000272540
6,30727709,30743075,-1,FLOT1,ENSG00000137312
6,30736304,30736414,-1,"",ENSG00000201988
6,30741859,30743736,1,IER3-AS1,ENSG00000272273
6,30743199,30744550,-1,IER3,ENSG00000137331
6,30743790,30792250,1,HCG20,ENSG00000228022
6,30751038,30751289,1,RN7SL353P,ENSG00000263608
6,30752674,30753839,1,"",ENSG00000298801
6,30768680,30769686,-1,"",ENSG00000296065
6,30782164,30782461,1,"",ENSG00000296082
6,30797678,30830659,-1,LINC00243,ENSG00000214894
6,30814806,30815529,-1,"",ENSG00000293879
6,30818674,30818960,1,"",ENSG00000293897
6,30838324,30848276,-1,LINC02570,ENSG00000237923
6,30864250,30864552,1,RN7SKP186,ENSG00000202241
6,30866982,30875918,-1,DDR1-DT,ENSG00000237775
6,30876421,30900978,1,DDR1,ENSG00000204580
6,30890883,30890972,1,MIR4640,ENSG00000284370
6,30907522,30914119,1,GTF2H4,ENSG00000213780
6,30908242,30926459,1,"",ENSG00000288473
6,30914205,30926484,1,VARS2,ENSG00000137411
6,30931353,30955636,-1,SFTA2,ENSG00000196260
6,30932618,30932709,-1,"",ENSG00000252761
6,30934523,30938824,1,"",ENSG00000310558
6,30940973,30954221,1,MUCL3,ENSG00000168631
6,30945979,30954862,-1,HCG21,ENSG00000233529
6,30961403,30962396,-1,NAPGP2,ENSG00000275906
6,30983718,30989903,1,MUC21,ENSG00000204544
6,31001298,31002003,1,"",ENSG00000299738
6,31010474,31035402,1,MUC22,ENSG00000261272
6,31040344,31046161,1,"",ENSG00000297077
6,31053311,31065229,1,HCG22,ENSG00000228789
6,31083010,31083109,1,RNU6-1133P,ENSG00000222895
6,31111223,31112575,-1,C6orf15,ENSG00000204542
6,31114750,31140092,1,PSORS1C1,ENSG00000204540
6,31115087,31120446,-1,CDSN,ENSG00000204539
6,31137534,31139066,-1,PSORS1C2,ENSG00000204538
6,31140727,31140913,1,POLR2LP1,ENSG00000238211
6,31142439,31158238,-1,CCHCR1,ENSG00000204536
6,31158331,31167159,1,TCF19,ENSG00000137310
6,31164337,31180731,-1,POU5F1,ENSG00000204531
6,31173735,31186118,-1,PSORS1C3,ENSG00000204528
6,31185197,31198037,-1,"",ENSG00000272501
6,31196411,31196876,1,"",ENSG00000298457
6,31197715,31211696,1,HCG27,ENSG00000206344
6,31200165,31201918,-1,"",ENSG00000271821
6,31222913,31223093,1,"",ENSG00000255726
6,31224342,31225058,-1,"",ENSG00000255899
6,31268749,31272130,-1,HLA-C,ENSG00000204525
6,31271075,31356405,1,"",ENSG00000298396
6,31271396,31272869,1,"",ENSG00000288813
6,31275572,31278754,1,USP8P1,ENSG00000214892
6,31280317,31281519,1,RPL3P2,ENSG00000227939
6,31287510,31288964,-1,WASF5P,ENSG00000231402
6,31293908,31301642,-1,LINC02571,ENSG00000256166
6,31307815,31308549,-1,"",ENSG00000229836
6,31353867,31367067,-1,HLA-B,ENSG00000234745
6,31353872,31381988,1,"",ENSG00000298426
6,31355224,31355316,-1,MIR6891,ENSG00000277402
6,31356506,31376268,1,"",ENSG00000285647
6,31356647,31357637,1,"",ENSG00000271581
6,31360865,31367354,-1,"",ENSG00000293281
6,31366352,31366898,-1,DHFRP2,ENSG00000228432
6,31370134,31370240,1,RNU6-283P,ENSG00000201658
6,31375336,31378541,-1,"",ENSG00000298474
6,31377419,31378019,1,FGFR3P1,ENSG00000230994
6,31380411,31380839,1,ZDHHC20P2,ENSG00000223702
6,31382074,31382288,-1,HLA-S,ENSG00000225851
6,31382711,31400793,-1,MICA-AS1,ENSG00000272221
6,31389322,31397356,1,"",ENSG00000297040
6,31399784,31415315,1,MICA,ENSG00000204520
6,31400702,31463705,1,"",ENSG00000288587
6,31402152,31402250,-1,"",ENSG00000199332
6,31441643,31448726,1,LINC01149,ENSG00000230174
6,31462728,31463336,-1,"",ENSG00000233902
6,31463144,31494470,1,HCP5,ENSG00000206337
6,31479918,31494935,-1,MICB-DT,ENSG00000286940
6,31494881,31511124,1,MICB,ENSG00000204516
6,31496689,31496790,-1,"",ENSG00000201680
6,31515979,31516211,1,"",ENSG00000256851
6,31519480,31520291,-1,PPIAP9,ENSG00000219797
6,31528114,31528693,1,RPL15P4,ENSG00000225499
6,31528962,31530232,1,MCCD1,ENSG00000204511
6,31530218,31542451,-1,DDX39B,ENSG00000198563
6,31530219,31546608,-1,ATP6V1G2-DDX39B,ENSG00000254870
6,31536374,31536449,-1,SNORD117,ENSG00000201785
6,31541101,31541178,-1,SNORD84,ENSG00000265236
6,31541664,31542230,1,"",ENSG00000299760
6,31542304,31543138,1,DDX39B-AS1,ENSG00000234006
6,31544444,31548427,-1,ATP6V1G2,ENSG00000213760
6,31546870,31558829,1,NFKBIL1,ENSG00000204498
6,31559817,31572781,-1,"",ENSG00000289406
6,31572054,31574324,1,LTA,ENSG00000226979
6,31575565,31578336,1,TNF,ENSG00000232810
6,31580525,31582522,-1,LTB,ENSG00000227507
6,31586124,31588910,1,LST1,ENSG00000204482
6,31588895,31593217,-1,NCR3,ENSG00000204475
6,31610853,31620998,-1,"",ENSG00000289375
6,31611083,31611356,-1,UQCRHP1,ENSG00000230622
6,31615217,31617021,1,AIF1,ENSG00000204472
6,31620120,31620572,1,"",ENSG00000301898
6,31620715,31637771,1,PRRC2A,ENSG00000204469
6,31622774,31622860,1,"",ENSG00000291302
6,31623079,31623210,1,SNORA38,ENSG00000200816
6,31623874,31625499,1,"",ENSG00000289282
6,31633787,31633858,1,MIR6832,ENSG00000274494
6,31638544,31652747,-1,BAG6,ENSG00000204463
6,31652416,31658210,1,APOM,ENSG00000204444
6,31658298,31660778,-1,C6orf47,ENSG00000204439
6,31658329,31660721,1,C6orf47-AS1,ENSG00000227198
6,31661228,31666283,-1,GPANK1,ENSG00000204438
6,31663288,31663401,1,"",ENSG00000201207
6,31665227,31670343,1,CSNK2B,ENSG00000204435
6,31666102,31673546,1,"",ENSG00000263020
6,31669976,31673776,1,LY6G5B,ENSG00000240053
6,31676684,31684040,-1,LY6G5C,ENSG00000204428
6,31686954,31703356,-1,ABHD16A,ENSG00000204427
6,31686962,31714072,-1,"",ENSG00000204422
6,31701029,31701091,-1,MIR4646,ENSG00000266776
6,31706866,31710679,1,LY6G6F,ENSG00000204424
6,31706904,31717918,1,LY6G6F-LY6G6D,ENSG00000250641
6,31711771,31714065,-1,"",ENSG00000293479
6,31712341,31713812,-1,LY6G6E,ENSG00000255552
6,31715348,31717919,1,LY6G6D,ENSG00000244355
6,31718594,31726714,1,MPIG6B,ENSG00000204420
6,31718648,31721746,-1,LY6G6C,ENSG00000204421
6,31727038,31730617,-1,DDAH2,ENSG00000213722
6,31730581,31740558,-1,CLIC1,ENSG00000213719
6,31739677,31762676,1,MSH5,ENSG00000204410
6,31740020,31764851,1,MSH5-SAPCD1,ENSG00000255152
6,31756951,31757053,-1,RNU6-850P,ENSG00000252743
6,31762656,31764851,1,SAPCD1,ENSG00000228727
6,31764310,31765588,-1,SAPCD1-AS1,ENSG00000235663
6,31765590,31777328,-1,VWA7,ENSG00000204396
6,31777518,31795950,-1,VARS1,ENSG00000204394
6,31778817,31778905,-1,"",ENSG00000201555
6,31797392,31806987,-1,LSM2,ENSG00000204392
6,31806730,31807278,1,"",ENSG00000308871
6,31809619,31815788,-1,HSPA1L,ENSG00000204390
6,31815543,31817994,1,HSPA1A,ENSG00000204389
6,31820963,31822310,-1,"",ENSG00000289637
6,31822094,31839766,1,SNHG32,ENSG00000204387
6,31826377,31827443,-1,"",ENSG00000289829
6,31827738,31830254,1,HSPA1B,ENSG00000204388
6,31835263,31835326,1,SNORD48,ENSG00000201823
6,31837076,31837142,1,SNORD52,ENSG00000201754
6,31857063,31862905,-1,NEU1,ENSG00000204386
6,31863192,31879198,-1,SLC44A4,ENSG00000204385
6,31877808,31884204,1,EHMT2-AS1,ENSG00000237080
6,31879758,31897723,-1,EHMT2,ENSG00000204371
6,31897785,31945674,1,C2,ENSG00000166278
6,31899613,31902086,-1,ZBTB12,ENSG00000204366
6,31927698,31952048,1,"",ENSG00000244255
6,31931267,31932835,-1,"",ENSG00000306378
6,31934448,31941724,-1,C2-AS1,ENSG00000281756
6,31945650,31952086,1,CFB,ENSG00000243649
6,31952087,31959038,-1,NELFE,ENSG00000204356
6,31956839,31956940,-1,MIR1236,ENSG00000284446
6,31959116,31969852,1,SKIC2,ENSG00000204351
6,31969810,31972509,-1,DXO,ENSG00000204348
6,31971091,31982821,1,WHR1,ENSG00000204344
6,31981991,32004877,1,C4A,ENSG00000244731
6,31999976,32003521,-1,C4A-AS1,ENSG00000233627
6,32005636,32008451,1,"",ENSG00000290788
6,32005689,32008399,1,CYP21A1P,ENSG00000204338
6,32008419,32009106,-1,"",ENSG00000308247
6,32008614,32012472,-1,TNXA,ENSG00000248290
6,32012939,32014189,1,"",ENSG00000308228
6,32013270,32013787,1,WHR1B,ENSG00000250535
6,32014730,32035973,1,C4B,ENSG00000224389
6,32032713,32036258,-1,C4B-AS1,ENSG00000229776
6,32038298,32042321,1,CYP21A2,ENSG00000231852
6,32041153,32115334,-1,TNXB,ENSG00000168477
6,32070935,32084749,1,"",ENSG00000294466
6,32078508,32078628,-1,RNA5SP206,ENSG00000252512
6,32098176,32117610,-1,"",ENSG00000284829
6,32108406,32112849,1,"",ENSG00000286974
6,32115264,32128253,-1,ATF6B,ENSG00000213676
6,32128697,32131070,-1,FKBPL,ENSG00000204315
6,32146580,32163679,1,PPT2,ENSG00000221988
6,32148323,32153083,-1,PRRT1,ENSG00000204314
6,32150495,32154373,-1,"",ENSG00000285085
6,32152802,32154365,-1,"",ENSG00000284954
6,32153845,32171978,1,PPT2-EGFL8,ENSG00000258388
6,32163918,32168453,1,EGFL8,ENSG00000241404
6,32168205,32178096,-1,AGPAT1,ENSG00000204310
6,32170030,32170116,-1,MIR6721,ENSG00000284469
6,32176248,32176892,1,"",ENSG00000301753
6,32178405,32180793,1,RNF5,ENSG00000204308
6,32179816,32179876,1,MIR6833,ENSG00000277264
6,32180963,32184344,-1,AGER,ENSG00000204305
6,32184733,32185882,-1,"",ENSG00000273333
6,32184733,32190202,-1,PBX2,ENSG00000204304
6,32190250,32191118,1,"",ENSG00000305139
6,32190766,32195523,-1,GPSM3,ENSG00000213654
6,32194843,32224111,-1,NOTCH4,ENSG00000204301
6,32254640,32407763,1,TSBP1-AS1,ENSG00000225914
6,32288526,32371907,-1,TSBP1,ENSG00000204296
6,32325219,32326178,1,HNRNPA1P2,ENSG00000237285
6,32352877,32352983,1,RNU6-603P,ENSG00000223335
6,32393339,32407181,-1,BTNL2,ENSG00000204290
6,32413680,32434531,1,"",ENSG00000299769
6,32429926,32460708,-1,"",ENSG00000299747
6,32439872,32445047,1,HLA-DRA,ENSG00000204287
6,32459821,32473500,-1,HLA-DRB9,ENSG00000196301
6,32473026,32473625,-1,"",ENSG00000310084
6,32473775,32501543,1,"",ENSG00000307923
6,32517345,32530369,-1,HLA-DRB5,ENSG00000198502
6,32530487,32530991,1,"",ENSG00000304559
6,32546883,32547565,-1,"",ENSG00000304542
6,32549940,32550090,-1,RNU1-61P,ENSG00000251916
6,32551855,32560022,-1,HLA-DRB6,ENSG00000290878
6,32553046,32558186,-1,HLA-DRB6,ENSG00000229391
6,32577902,32589848,-1,HLA-DRB1,ENSG00000196126
6,32604738,32605072,1,"",ENSG00000307907
6,32619341,32623123,-1,"",ENSG00000309733
6,32628179,32647062,1,HLA-DQA1,ENSG00000196735
6,32659467,32668383,-1,HLA-DQB1,ENSG00000179344
6,32659880,32660729,1,HLA-DQB1-AS1,ENSG00000223534
6,32668575,32669152,1,"",ENSG00000303029
6,32689522,32690354,-1,"",ENSG00000302994
6,32706124,32706955,-1,MTCO3P1,ENSG00000235040
6,32718003,32719170,1,"",ENSG00000232080
6,32730758,32731695,-1,HLA-DQB3,ENSG00000226030
6,32741391,32747198,1,HLA-DQA2,ENSG00000237541
6,32749912,32749979,-1,MIR3135B,ENSG00000263649
6,32756094,32763543,-1,HLA-DQB2,ENSG00000232629
6,32790605,32792234,1,"",ENSG00000302653
6,32812763,32820466,-1,HLA-DOB,ENSG00000241106
6,32813767,32838822,-1,"",ENSG00000250264
6,32820801,32830196,1,"",ENSG00000307274
6,32821833,32838784,-1,TAP2,ENSG00000204267
6,32840717,32844679,-1,PSMB8,ENSG00000204264
6,32844078,32846500,1,PSMB8-AS1,ENSG00000204261
6,32844136,32860734,1,PSMB9,ENSG00000240065
6,32845206,32854018,-1,TAP1,ENSG00000168394
6,32879171,32879848,-1,"",ENSG00000293216
6,32879216,32879833,-1,PPP1R2P1,ENSG00000234515
6,32891395,32894709,-1,"",ENSG00000289559
6,32894144,32903758,1,"",ENSG00000289047
6,32896416,32896490,1,HLA-Z,ENSG00000235301
6,32934629,32941054,-1,HLA-DMB,ENSG00000242574
6,32937364,32953122,-1,"",ENSG00000248993
6,32948613,32969094,-1,HLA-DMA,ENSG00000204257
6,32968594,32981505,1,BRD2,ENSG00000204256
6,32970232,32970886,1,"",ENSG00000223837
6,32972065,32972853,-1,"",ENSG00000263756
6,33004178,33009594,-1,HLA-DOA,ENSG00000204252
6,33029675,33030177,1,"",ENSG00000294261
6,33064569,33080781,-1,HLA-DPA1,ENSG00000231389
6,33073786,33089696,1,HLA-DPB1,ENSG00000223865
6,33079451,33079860,1,RPL32P1,ENSG00000224796
6,33091753,33097295,-1,HLA-DPA2,ENSG00000231461
6,33103794,33107330,-1,COL11A2P1,ENSG00000228688
6,33112409,33141221,1,"",ENSG00000291111
6,33112516,33129084,1,HLA-DPB2,ENSG00000224557
6,33117819,33124553,-1,"",ENSG00000301971
6,33130740,33143600,-1,"",ENSG00000301948
6,33131216,33143325,-1,HLA-DPA3,ENSG00000237398
6,33144783,33147767,1,HCG24,ENSG00000230313
6,33162681,33192766,-1,COL11A2,ENSG00000204248
6,33185788,33188670,1,"",ENSG00000305994
6,33193588,33200666,-1,RXRB,ENSG00000204231
6,33199601,33199696,1,RNY4P10,ENSG00000202441
6,33200305,33204439,1,SLC39A7,ENSG00000112473
6,33204631,33206831,1,HSD17B8,ENSG00000204228
6,33206949,33207854,1,"",ENSG00000306895
6,33207081,33208638,-1,"",ENSG00000288751
6,33207835,33207944,1,MIR219A1,ENSG00000199036
6,33208491,33212722,1,RING1,ENSG00000204227
6,33214493,33215403,-1,"",ENSG00000306705
6,33215705,33216328,1,ZNF70P1,ENSG00000225463
6,33237799,33239690,1,HTATSF1P1,ENSG00000223457
6,33246075,33249929,-1,"",ENSG00000272217
6,33248510,33260681,1,HCG25,ENSG00000232940
6,33250272,33272047,-1,VPS52,ENSG00000223501
6,33272075,33276511,1,RPS18,ENSG00000231500
6,33277123,33284832,1,B3GALT4,ENSG00000235863
6,33279108,33289247,-1,WDR46,ENSG00000227057
6,33287227,33287289,-1,MIR6873,ENSG00000284517
6,33288680,33298401,1,PFDN6,ENSG00000204220
6,33290245,33290325,1,MIR6834,ENSG00000284064
6,33291196,33299419,-1,RGL2,ENSG00000237441
6,33299466,33301090,1,"",ENSG00000289100
6,33299694,33314284,-1,TAPBP,ENSG00000231925
6,33314406,33318021,-1,ZBTB22,ENSG00000236104
6,33318558,33323259,-1,DAXX,ENSG00000204209
6,33321386,33329286,-1,"",ENSG00000285064
6,33323628,33329279,-1,SMIM40,ENSG00000286920
6,33338978,33339495,1,MYL12BP3,ENSG00000229596
6,33345555,33351765,1,"",ENSG00000310006
6,33365548,33366243,-1,LYPLA2P1,ENSG00000228285
6,33389374,33389475,-1,RPL35AP4,ENSG00000225644
6,33391429,33410441,1,KIFC1,ENSG00000237649
6,33400059,33400556,-1,RPL12P1,ENSG00000204194
6,33410382,33416453,1,PHF1,ENSG00000112511
6,33416442,33418381,-1,CUTA,ENSG00000112514
6,33419661,33453689,1,SYNGAP1,ENSG00000197283
6,33436829,33454470,-1,SYNGAP1-AS1,ENSG00000274259
6,33438331,33438437,1,MIR5004,ENSG00000284256
